--------------------------------------------------------
--  File created - Tuesday-May-05-2026   
--------------------------------------------------------
--------------------------------------------------------
--  DDL for Table GAME
--------------------------------------------------------

  CREATE TABLE "B00098368"."GAME" 
   (	"GAME_ID" NUMBER(4,0), 
	"GAME_NAME" VARCHAR2(30 BYTE), 
	"GENRE" VARCHAR2(25 BYTE)
   ) SEGMENT CREATION IMMEDIATE 
  PCTFREE 10 PCTUSED 40 INITRANS 1 MAXTRANS 255 
 NOCOMPRESS LOGGING
  STORAGE(INITIAL 65536 NEXT 1048576 MINEXTENTS 1 MAXEXTENTS 2147483645
  PCTINCREASE 0 FREELISTS 1 FREELIST GROUPS 1
  BUFFER_POOL DEFAULT FLASH_CACHE DEFAULT CELL_FLASH_CACHE DEFAULT)
  TABLESPACE "USERS" ;
--------------------------------------------------------
--  DDL for Table COACH
--------------------------------------------------------

  CREATE TABLE "B00098368"."COACH" 
   (	"COACH_ID" NUMBER(5,0), 
	"NAME" VARCHAR2(50 BYTE), 
	"SALARY" NUMBER(8,2), 
	"TEAM_ID" NUMBER(5,0)
   ) SEGMENT CREATION IMMEDIATE 
  PCTFREE 10 PCTUSED 40 INITRANS 1 MAXTRANS 255 
 NOCOMPRESS LOGGING
  STORAGE(INITIAL 65536 NEXT 1048576 MINEXTENTS 1 MAXEXTENTS 2147483645
  PCTINCREASE 0 FREELISTS 1 FREELIST GROUPS 1
  BUFFER_POOL DEFAULT FLASH_CACHE DEFAULT CELL_FLASH_CACHE DEFAULT)
  TABLESPACE "USERS" ;
--------------------------------------------------------
--  DDL for Table CONTRACT
--------------------------------------------------------

  CREATE TABLE "B00098368"."CONTRACT" 
   (	"PLAYER_ID" NUMBER(4,0), 
	"TEAM_ID" NUMBER(5,0)
   ) SEGMENT CREATION IMMEDIATE 
  PCTFREE 10 PCTUSED 40 INITRANS 1 MAXTRANS 255 
 NOCOMPRESS LOGGING
  STORAGE(INITIAL 65536 NEXT 1048576 MINEXTENTS 1 MAXEXTENTS 2147483645
  PCTINCREASE 0 FREELISTS 1 FREELIST GROUPS 1
  BUFFER_POOL DEFAULT FLASH_CACHE DEFAULT CELL_FLASH_CACHE DEFAULT)
  TABLESPACE "USERS" ;
--------------------------------------------------------
--  DDL for Table LOGGEDUSERS
--------------------------------------------------------

  CREATE TABLE "B00098368"."LOGGEDUSERS" 
   (	"USERNAME" VARCHAR2(40 BYTE), 
	"NAME" VARCHAR2(30 BYTE), 
	"PASSWORD" VARCHAR2(30 BYTE)
   ) SEGMENT CREATION IMMEDIATE 
  PCTFREE 10 PCTUSED 40 INITRANS 1 MAXTRANS 255 
 NOCOMPRESS LOGGING
  STORAGE(INITIAL 65536 NEXT 1048576 MINEXTENTS 1 MAXEXTENTS 2147483645
  PCTINCREASE 0 FREELISTS 1 FREELIST GROUPS 1
  BUFFER_POOL DEFAULT FLASH_CACHE DEFAULT CELL_FLASH_CACHE DEFAULT)
  TABLESPACE "USERS" ;
--------------------------------------------------------
--  DDL for Table MATCH
--------------------------------------------------------

  CREATE TABLE "B00098368"."MATCH" 
   (	"MATCH_ID" NUMBER(5,0), 
	"MATCH_DATE" DATE, 
	"MAP_NAME" VARCHAR2(50 BYTE), 
	"TOURNAMENT_ID" NUMBER(5,0), 
	"GAME_ID" NUMBER(4,0)
   ) SEGMENT CREATION IMMEDIATE 
  PCTFREE 10 PCTUSED 40 INITRANS 1 MAXTRANS 255 
 NOCOMPRESS LOGGING
  STORAGE(INITIAL 65536 NEXT 1048576 MINEXTENTS 1 MAXEXTENTS 2147483645
  PCTINCREASE 0 FREELISTS 1 FREELIST GROUPS 1
  BUFFER_POOL DEFAULT FLASH_CACHE DEFAULT CELL_FLASH_CACHE DEFAULT)
  TABLESPACE "USERS" ;
--------------------------------------------------------
--  DDL for Table PERFORMS
--------------------------------------------------------

  CREATE TABLE "B00098368"."PERFORMS" 
   (	"PLAYER_ID" NUMBER(4,0), 
	"MATCH_ID" NUMBER(5,0), 
	"ASSISTS" NUMBER(*,0), 
	"DEATHS" NUMBER(*,0), 
	"KILLS" NUMBER(*,0)
   ) SEGMENT CREATION IMMEDIATE 
  PCTFREE 10 PCTUSED 40 INITRANS 1 MAXTRANS 255 
 NOCOMPRESS LOGGING
  STORAGE(INITIAL 65536 NEXT 1048576 MINEXTENTS 1 MAXEXTENTS 2147483645
  PCTINCREASE 0 FREELISTS 1 FREELIST GROUPS 1
  BUFFER_POOL DEFAULT FLASH_CACHE DEFAULT CELL_FLASH_CACHE DEFAULT)
  TABLESPACE "USERS" ;
--------------------------------------------------------
--  DDL for Table PLAYER
--------------------------------------------------------

  CREATE TABLE "B00098368"."PLAYER" 
   (	"PLAYER_ID" NUMBER(4,0), 
	"FIRST_NAME" VARCHAR2(25 BYTE), 
	"LAST_NAME" VARCHAR2(25 BYTE), 
	"SALARY" NUMBER(8,2), 
	"NATIONALITY" VARCHAR2(25 BYTE), 
	"ROLE" VARCHAR2(25 BYTE), 
	"BDATE" DATE
   ) SEGMENT CREATION IMMEDIATE 
  PCTFREE 10 PCTUSED 40 INITRANS 1 MAXTRANS 255 
 NOCOMPRESS LOGGING
  STORAGE(INITIAL 65536 NEXT 1048576 MINEXTENTS 1 MAXEXTENTS 2147483645
  PCTINCREASE 0 FREELISTS 1 FREELIST GROUPS 1
  BUFFER_POOL DEFAULT FLASH_CACHE DEFAULT CELL_FLASH_CACHE DEFAULT)
  TABLESPACE "USERS" ;
--------------------------------------------------------
--  DDL for Table PLAYER_LANGUAGES
--------------------------------------------------------

  CREATE TABLE "B00098368"."PLAYER_LANGUAGES" 
   (	"LANGUAGE" VARCHAR2(30 BYTE), 
	"PLAYER_ID" NUMBER(4,0)
   ) SEGMENT CREATION IMMEDIATE 
  PCTFREE 10 PCTUSED 40 INITRANS 1 MAXTRANS 255 
 NOCOMPRESS LOGGING
  STORAGE(INITIAL 65536 NEXT 1048576 MINEXTENTS 1 MAXEXTENTS 2147483645
  PCTINCREASE 0 FREELISTS 1 FREELIST GROUPS 1
  BUFFER_POOL DEFAULT FLASH_CACHE DEFAULT CELL_FLASH_CACHE DEFAULT)
  TABLESPACE "USERS" ;
--------------------------------------------------------
--  DDL for Table PLAYS_IN
--------------------------------------------------------

  CREATE TABLE "B00098368"."PLAYS_IN" 
   (	"TEAM_ID" NUMBER(5,0), 
	"MATCH_ID" NUMBER(5,0)
   ) SEGMENT CREATION IMMEDIATE 
  PCTFREE 10 PCTUSED 40 INITRANS 1 MAXTRANS 255 
 NOCOMPRESS LOGGING
  STORAGE(INITIAL 65536 NEXT 1048576 MINEXTENTS 1 MAXEXTENTS 2147483645
  PCTINCREASE 0 FREELISTS 1 FREELIST GROUPS 1
  BUFFER_POOL DEFAULT FLASH_CACHE DEFAULT CELL_FLASH_CACHE DEFAULT)
  TABLESPACE "USERS" ;
--------------------------------------------------------
--  DDL for Table REGISTERS
--------------------------------------------------------

  CREATE TABLE "B00098368"."REGISTERS" 
   (	"TEAM_ID" NUMBER(5,0), 
	"TOURNAMENT_ID" NUMBER(5,0)
   ) SEGMENT CREATION IMMEDIATE 
  PCTFREE 10 PCTUSED 40 INITRANS 1 MAXTRANS 255 
 NOCOMPRESS LOGGING
  STORAGE(INITIAL 65536 NEXT 1048576 MINEXTENTS 1 MAXEXTENTS 2147483645
  PCTINCREASE 0 FREELISTS 1 FREELIST GROUPS 1
  BUFFER_POOL DEFAULT FLASH_CACHE DEFAULT CELL_FLASH_CACHE DEFAULT)
  TABLESPACE "USERS" ;
--------------------------------------------------------
--  DDL for Table ROUND
--------------------------------------------------------

  CREATE TABLE "B00098368"."ROUND" 
   (	"ROUND_NO" NUMBER(2,0), 
	"DURATION" NUMBER(3,0), 
	"WINNER" NUMBER(5,0), 
	"MATCH_ID" NUMBER(5,0)
   ) SEGMENT CREATION IMMEDIATE 
  PCTFREE 10 PCTUSED 40 INITRANS 1 MAXTRANS 255 
 NOCOMPRESS LOGGING
  STORAGE(INITIAL 65536 NEXT 1048576 MINEXTENTS 1 MAXEXTENTS 2147483645
  PCTINCREASE 0 FREELISTS 1 FREELIST GROUPS 1
  BUFFER_POOL DEFAULT FLASH_CACHE DEFAULT CELL_FLASH_CACHE DEFAULT)
  TABLESPACE "USERS" ;
--------------------------------------------------------
--  DDL for Table SPONSOR
--------------------------------------------------------

  CREATE TABLE "B00098368"."SPONSOR" 
   (	"SPONSOR_ID" NUMBER(5,0), 
	"NAME" VARCHAR2(30 BYTE)
   ) SEGMENT CREATION IMMEDIATE 
  PCTFREE 10 PCTUSED 40 INITRANS 1 MAXTRANS 255 
 NOCOMPRESS LOGGING
  STORAGE(INITIAL 65536 NEXT 1048576 MINEXTENTS 1 MAXEXTENTS 2147483645
  PCTINCREASE 0 FREELISTS 1 FREELIST GROUPS 1
  BUFFER_POOL DEFAULT FLASH_CACHE DEFAULT CELL_FLASH_CACHE DEFAULT)
  TABLESPACE "USERS" ;
--------------------------------------------------------
--  DDL for Table SPONSORSHIP
--------------------------------------------------------

  CREATE TABLE "B00098368"."SPONSORSHIP" 
   (	"TOURNAMENT_ID" NUMBER(5,0), 
	"TEAM_ID" NUMBER(5,0), 
	"SPONSOR_ID" NUMBER(5,0)
   ) SEGMENT CREATION IMMEDIATE 
  PCTFREE 10 PCTUSED 40 INITRANS 1 MAXTRANS 255 
 NOCOMPRESS LOGGING
  STORAGE(INITIAL 65536 NEXT 1048576 MINEXTENTS 1 MAXEXTENTS 2147483645
  PCTINCREASE 0 FREELISTS 1 FREELIST GROUPS 1
  BUFFER_POOL DEFAULT FLASH_CACHE DEFAULT CELL_FLASH_CACHE DEFAULT)
  TABLESPACE "USERS" ;
--------------------------------------------------------
--  DDL for Table SPONSOR_CONTACT
--------------------------------------------------------

  CREATE TABLE "B00098368"."SPONSOR_CONTACT" 
   (	"CONTACT_NO" VARCHAR2(20 BYTE), 
	"SPONSOR_ID" NUMBER(5,0)
   ) SEGMENT CREATION IMMEDIATE 
  PCTFREE 10 PCTUSED 40 INITRANS 1 MAXTRANS 255 
 NOCOMPRESS LOGGING
  STORAGE(INITIAL 65536 NEXT 1048576 MINEXTENTS 1 MAXEXTENTS 2147483645
  PCTINCREASE 0 FREELISTS 1 FREELIST GROUPS 1
  BUFFER_POOL DEFAULT FLASH_CACHE DEFAULT CELL_FLASH_CACHE DEFAULT)
  TABLESPACE "USERS" ;
--------------------------------------------------------
--  DDL for Table TEAM
--------------------------------------------------------

  CREATE TABLE "B00098368"."TEAM" 
   (	"TEAM_ID" NUMBER(5,0), 
	"TEAM_NAME" VARCHAR2(25 BYTE)
   ) SEGMENT CREATION IMMEDIATE 
  PCTFREE 10 PCTUSED 40 INITRANS 1 MAXTRANS 255 
 NOCOMPRESS LOGGING
  STORAGE(INITIAL 65536 NEXT 1048576 MINEXTENTS 1 MAXEXTENTS 2147483645
  PCTINCREASE 0 FREELISTS 1 FREELIST GROUPS 1
  BUFFER_POOL DEFAULT FLASH_CACHE DEFAULT CELL_FLASH_CACHE DEFAULT)
  TABLESPACE "USERS" ;
--------------------------------------------------------
--  DDL for Table TOURNAMENT
--------------------------------------------------------

  CREATE TABLE "B00098368"."TOURNAMENT" 
   (	"TOURNAMENT_ID" NUMBER(5,0), 
	"NAME" VARCHAR2(35 BYTE), 
	"START_DATE" DATE, 
	"END_DATE" DATE, 
	"PRIZE_POOL" NUMBER(10,2), 
	"VENUE_ID" NUMBER(5,0)
   ) SEGMENT CREATION IMMEDIATE 
  PCTFREE 10 PCTUSED 40 INITRANS 1 MAXTRANS 255 
 NOCOMPRESS LOGGING
  STORAGE(INITIAL 65536 NEXT 1048576 MINEXTENTS 1 MAXEXTENTS 2147483645
  PCTINCREASE 0 FREELISTS 1 FREELIST GROUPS 1
  BUFFER_POOL DEFAULT FLASH_CACHE DEFAULT CELL_FLASH_CACHE DEFAULT)
  TABLESPACE "USERS" ;
--------------------------------------------------------
--  DDL for Table VENUE
--------------------------------------------------------

  CREATE TABLE "B00098368"."VENUE" 
   (	"VENUE_ID" NUMBER(5,0), 
	"CITY" VARCHAR2(30 BYTE), 
	"COUNTRY" VARCHAR2(30 BYTE), 
	"VENUE_NAME" VARCHAR2(50 BYTE)
   ) SEGMENT CREATION IMMEDIATE 
  PCTFREE 10 PCTUSED 40 INITRANS 1 MAXTRANS 255 
 NOCOMPRESS LOGGING
  STORAGE(INITIAL 65536 NEXT 1048576 MINEXTENTS 1 MAXEXTENTS 2147483645
  PCTINCREASE 0 FREELISTS 1 FREELIST GROUPS 1
  BUFFER_POOL DEFAULT FLASH_CACHE DEFAULT CELL_FLASH_CACHE DEFAULT)
  TABLESPACE "USERS" ;
REM INSERTING into B00098368.GAME
SET DEFINE OFF;
Insert into B00098368.GAME (GAME_ID,GAME_NAME,GENRE) values (1,'Valorant','Shooter');
Insert into B00098368.GAME (GAME_ID,GAME_NAME,GENRE) values (2,'Counter-Strike 2','Shooter');
Insert into B00098368.GAME (GAME_ID,GAME_NAME,GENRE) values (4,'PUBG Mobile','Battle Royale');
REM INSERTING into B00098368.COACH
SET DEFINE OFF;
Insert into B00098368.COACH (COACH_ID,NAME,SALARY,TEAM_ID) values (1,'Marcus Larsson',100000,1);
Insert into B00098368.COACH (COACH_ID,NAME,SALARY,TEAM_ID) values (11,'Faisal Al Dosari',74000,9);
Insert into B00098368.COACH (COACH_ID,NAME,SALARY,TEAM_ID) values (3,'Jake Williams',78000,3);
Insert into B00098368.COACH (COACH_ID,NAME,SALARY,TEAM_ID) values (4,'Tyler Brooks',82000,4);
Insert into B00098368.COACH (COACH_ID,NAME,SALARY,TEAM_ID) values (5,'Sam Fletcher',76000,5);
Insert into B00098368.COACH (COACH_ID,NAME,SALARY,TEAM_ID) values (6,'Harpreet Singh',65000,6);
Insert into B00098368.COACH (COACH_ID,NAME,SALARY,TEAM_ID) values (7,'Rohit Sharma',67000,7);
Insert into B00098368.COACH (COACH_ID,NAME,SALARY,TEAM_ID) values (8,'Khalid Al Mansoori',70000,8);
Insert into B00098368.COACH (COACH_ID,NAME,SALARY,TEAM_ID) values (10,'Usman Tariq',63000,10);
REM INSERTING into B00098368.CONTRACT
SET DEFINE OFF;
Insert into B00098368.CONTRACT (PLAYER_ID,TEAM_ID) values (1,1);
Insert into B00098368.CONTRACT (PLAYER_ID,TEAM_ID) values (2,1);
Insert into B00098368.CONTRACT (PLAYER_ID,TEAM_ID) values (3,1);
Insert into B00098368.CONTRACT (PLAYER_ID,TEAM_ID) values (4,2);
Insert into B00098368.CONTRACT (PLAYER_ID,TEAM_ID) values (5,2);
Insert into B00098368.CONTRACT (PLAYER_ID,TEAM_ID) values (6,3);
Insert into B00098368.CONTRACT (PLAYER_ID,TEAM_ID) values (7,3);
Insert into B00098368.CONTRACT (PLAYER_ID,TEAM_ID) values (8,3);
Insert into B00098368.CONTRACT (PLAYER_ID,TEAM_ID) values (9,4);
Insert into B00098368.CONTRACT (PLAYER_ID,TEAM_ID) values (10,4);
Insert into B00098368.CONTRACT (PLAYER_ID,TEAM_ID) values (11,5);
Insert into B00098368.CONTRACT (PLAYER_ID,TEAM_ID) values (12,5);
Insert into B00098368.CONTRACT (PLAYER_ID,TEAM_ID) values (14,4);
Insert into B00098368.CONTRACT (PLAYER_ID,TEAM_ID) values (15,5);
Insert into B00098368.CONTRACT (PLAYER_ID,TEAM_ID) values (16,6);
Insert into B00098368.CONTRACT (PLAYER_ID,TEAM_ID) values (17,6);
Insert into B00098368.CONTRACT (PLAYER_ID,TEAM_ID) values (18,6);
Insert into B00098368.CONTRACT (PLAYER_ID,TEAM_ID) values (19,7);
Insert into B00098368.CONTRACT (PLAYER_ID,TEAM_ID) values (20,7);
Insert into B00098368.CONTRACT (PLAYER_ID,TEAM_ID) values (21,7);
Insert into B00098368.CONTRACT (PLAYER_ID,TEAM_ID) values (22,8);
Insert into B00098368.CONTRACT (PLAYER_ID,TEAM_ID) values (23,8);
Insert into B00098368.CONTRACT (PLAYER_ID,TEAM_ID) values (24,8);
Insert into B00098368.CONTRACT (PLAYER_ID,TEAM_ID) values (25,10);
Insert into B00098368.CONTRACT (PLAYER_ID,TEAM_ID) values (26,10);
Insert into B00098368.CONTRACT (PLAYER_ID,TEAM_ID) values (27,10);
Insert into B00098368.CONTRACT (PLAYER_ID,TEAM_ID) values (28,10);
Insert into B00098368.CONTRACT (PLAYER_ID,TEAM_ID) values (29,10);
Insert into B00098368.CONTRACT (PLAYER_ID,TEAM_ID) values (31,9);
Insert into B00098368.CONTRACT (PLAYER_ID,TEAM_ID) values (34,9);
Insert into B00098368.CONTRACT (PLAYER_ID,TEAM_ID) values (35,9);
Insert into B00098368.CONTRACT (PLAYER_ID,TEAM_ID) values (36,9);
Insert into B00098368.CONTRACT (PLAYER_ID,TEAM_ID) values (37,8);
REM INSERTING into B00098368.LOGGEDUSERS
SET DEFINE OFF;
Insert into B00098368.LOGGEDUSERS (USERNAME,NAME,PASSWORD) values ('wissam320','wissam','wissampk');
Insert into B00098368.LOGGEDUSERS (USERNAME,NAME,PASSWORD) values ('1','1','1');
REM INSERTING into B00098368.MATCH
SET DEFINE OFF;
Insert into B00098368.MATCH (MATCH_ID,MATCH_DATE,MAP_NAME,TOURNAMENT_ID,GAME_ID) values (1,to_date('12-JAN-25','DD-MON-RR'),'Dust2',1,2);
Insert into B00098368.MATCH (MATCH_ID,MATCH_DATE,MAP_NAME,TOURNAMENT_ID,GAME_ID) values (2,to_date('13-JAN-25','DD-MON-RR'),'Mirage',1,2);
Insert into B00098368.MATCH (MATCH_ID,MATCH_DATE,MAP_NAME,TOURNAMENT_ID,GAME_ID) values (3,to_date('24-JAN-25','DD-MON-RR'),'Inferno',1,2);
Insert into B00098368.MATCH (MATCH_ID,MATCH_DATE,MAP_NAME,TOURNAMENT_ID,GAME_ID) values (4,to_date('07-MAR-25','DD-MON-RR'),'Ascent',2,1);
Insert into B00098368.MATCH (MATCH_ID,MATCH_DATE,MAP_NAME,TOURNAMENT_ID,GAME_ID) values (5,to_date('10-MAR-25','DD-MON-RR'),'Bind',2,1);
Insert into B00098368.MATCH (MATCH_ID,MATCH_DATE,MAP_NAME,TOURNAMENT_ID,GAME_ID) values (6,to_date('03-MAY-25','DD-MON-RR'),'Nuke',3,2);
Insert into B00098368.MATCH (MATCH_ID,MATCH_DATE,MAP_NAME,TOURNAMENT_ID,GAME_ID) values (7,to_date('08-MAY-25','DD-MON-RR'),'Overpass',3,2);
Insert into B00098368.MATCH (MATCH_ID,MATCH_DATE,MAP_NAME,TOURNAMENT_ID,GAME_ID) values (8,to_date('11-JUN-25','DD-MON-RR'),'Pearl',4,1);
Insert into B00098368.MATCH (MATCH_ID,MATCH_DATE,MAP_NAME,TOURNAMENT_ID,GAME_ID) values (9,to_date('13-JUN-25','DD-MON-RR'),'Split',4,1);
Insert into B00098368.MATCH (MATCH_ID,MATCH_DATE,MAP_NAME,TOURNAMENT_ID,GAME_ID) values (10,to_date('21-JUN-25','DD-MON-RR'),'Lotus',4,1);
Insert into B00098368.MATCH (MATCH_ID,MATCH_DATE,MAP_NAME,TOURNAMENT_ID,GAME_ID) values (15,to_date('03-OCT-25','DD-MON-RR'),'Mirage',6,2);
REM INSERTING into B00098368.PERFORMS
SET DEFINE OFF;
Insert into B00098368.PERFORMS (PLAYER_ID,MATCH_ID,ASSISTS,DEATHS,KILLS) values (1,1,5,12,18);
Insert into B00098368.PERFORMS (PLAYER_ID,MATCH_ID,ASSISTS,DEATHS,KILLS) values (2,1,8,14,15);
Insert into B00098368.PERFORMS (PLAYER_ID,MATCH_ID,ASSISTS,DEATHS,KILLS) values (3,1,10,16,12);
Insert into B00098368.PERFORMS (PLAYER_ID,MATCH_ID,ASSISTS,DEATHS,KILLS) values (4,1,4,10,20);
Insert into B00098368.PERFORMS (PLAYER_ID,MATCH_ID,ASSISTS,DEATHS,KILLS) values (5,1,6,13,17);
Insert into B00098368.PERFORMS (PLAYER_ID,MATCH_ID,ASSISTS,DEATHS,KILLS) values (6,2,6,11,16);
Insert into B00098368.PERFORMS (PLAYER_ID,MATCH_ID,ASSISTS,DEATHS,KILLS) values (7,2,3,9,19);
Insert into B00098368.PERFORMS (PLAYER_ID,MATCH_ID,ASSISTS,DEATHS,KILLS) values (8,2,5,7,25);
Insert into B00098368.PERFORMS (PLAYER_ID,MATCH_ID,ASSISTS,DEATHS,KILLS) values (9,2,9,17,13);
Insert into B00098368.PERFORMS (PLAYER_ID,MATCH_ID,ASSISTS,DEATHS,KILLS) values (10,2,4,10,21);
Insert into B00098368.PERFORMS (PLAYER_ID,MATCH_ID,ASSISTS,DEATHS,KILLS) values (14,2,7,14,15);
Insert into B00098368.PERFORMS (PLAYER_ID,MATCH_ID,ASSISTS,DEATHS,KILLS) values (1,3,6,11,19);
Insert into B00098368.PERFORMS (PLAYER_ID,MATCH_ID,ASSISTS,DEATHS,KILLS) values (2,3,9,13,16);
Insert into B00098368.PERFORMS (PLAYER_ID,MATCH_ID,ASSISTS,DEATHS,KILLS) values (3,3,12,17,11);
Insert into B00098368.PERFORMS (PLAYER_ID,MATCH_ID,ASSISTS,DEATHS,KILLS) values (6,3,5,15,14);
Insert into B00098368.PERFORMS (PLAYER_ID,MATCH_ID,ASSISTS,DEATHS,KILLS) values (7,3,4,12,17);
Insert into B00098368.PERFORMS (PLAYER_ID,MATCH_ID,ASSISTS,DEATHS,KILLS) values (8,3,6,9,20);
Insert into B00098368.PERFORMS (PLAYER_ID,MATCH_ID,ASSISTS,DEATHS,KILLS) values (1,4,8,14,15);
Insert into B00098368.PERFORMS (PLAYER_ID,MATCH_ID,ASSISTS,DEATHS,KILLS) values (2,4,7,11,18);
Insert into B00098368.PERFORMS (PLAYER_ID,MATCH_ID,ASSISTS,DEATHS,KILLS) values (3,4,11,18,10);
Insert into B00098368.PERFORMS (PLAYER_ID,MATCH_ID,ASSISTS,DEATHS,KILLS) values (22,4,6,13,16);
Insert into B00098368.PERFORMS (PLAYER_ID,MATCH_ID,ASSISTS,DEATHS,KILLS) values (23,4,3,10,20);
Insert into B00098368.PERFORMS (PLAYER_ID,MATCH_ID,ASSISTS,DEATHS,KILLS) values (24,4,9,15,14);
Insert into B00098368.PERFORMS (PLAYER_ID,MATCH_ID,ASSISTS,DEATHS,KILLS) values (6,5,7,12,17);
Insert into B00098368.PERFORMS (PLAYER_ID,MATCH_ID,ASSISTS,DEATHS,KILLS) values (7,5,10,15,14);
Insert into B00098368.PERFORMS (PLAYER_ID,MATCH_ID,ASSISTS,DEATHS,KILLS) values (8,5,8,16,13);
Insert into B00098368.PERFORMS (PLAYER_ID,MATCH_ID,ASSISTS,DEATHS,KILLS) values (34,5,5,13,16);
Insert into B00098368.PERFORMS (PLAYER_ID,MATCH_ID,ASSISTS,DEATHS,KILLS) values (35,5,4,10,19);
Insert into B00098368.PERFORMS (PLAYER_ID,MATCH_ID,ASSISTS,DEATHS,KILLS) values (36,5,6,14,15);
Insert into B00098368.PERFORMS (PLAYER_ID,MATCH_ID,ASSISTS,DEATHS,KILLS) values (4,6,5,9,21);
Insert into B00098368.PERFORMS (PLAYER_ID,MATCH_ID,ASSISTS,DEATHS,KILLS) values (5,6,6,12,18);
Insert into B00098368.PERFORMS (PLAYER_ID,MATCH_ID,ASSISTS,DEATHS,KILLS) values (9,6,10,17,12);
Insert into B00098368.PERFORMS (PLAYER_ID,MATCH_ID,ASSISTS,DEATHS,KILLS) values (10,6,4,10,20);
Insert into B00098368.PERFORMS (PLAYER_ID,MATCH_ID,ASSISTS,DEATHS,KILLS) values (14,6,7,13,16);
Insert into B00098368.PERFORMS (PLAYER_ID,MATCH_ID,ASSISTS,DEATHS,KILLS) values (11,7,7,14,15);
Insert into B00098368.PERFORMS (PLAYER_ID,MATCH_ID,ASSISTS,DEATHS,KILLS) values (12,7,5,11,18);
Insert into B00098368.PERFORMS (PLAYER_ID,MATCH_ID,ASSISTS,DEATHS,KILLS) values (15,7,8,13,16);
Insert into B00098368.PERFORMS (PLAYER_ID,MATCH_ID,ASSISTS,DEATHS,KILLS) values (34,7,6,12,17);
Insert into B00098368.PERFORMS (PLAYER_ID,MATCH_ID,ASSISTS,DEATHS,KILLS) values (35,7,9,16,13);
Insert into B00098368.PERFORMS (PLAYER_ID,MATCH_ID,ASSISTS,DEATHS,KILLS) values (36,7,4,10,19);
Insert into B00098368.PERFORMS (PLAYER_ID,MATCH_ID,ASSISTS,DEATHS,KILLS) values (16,8,9,13,17);
Insert into B00098368.PERFORMS (PLAYER_ID,MATCH_ID,ASSISTS,DEATHS,KILLS) values (17,8,7,11,19);
Insert into B00098368.PERFORMS (PLAYER_ID,MATCH_ID,ASSISTS,DEATHS,KILLS) values (18,8,11,15,14);
Insert into B00098368.PERFORMS (PLAYER_ID,MATCH_ID,ASSISTS,DEATHS,KILLS) values (19,8,5,14,16);
Insert into B00098368.PERFORMS (PLAYER_ID,MATCH_ID,ASSISTS,DEATHS,KILLS) values (20,8,8,17,13);
Insert into B00098368.PERFORMS (PLAYER_ID,MATCH_ID,ASSISTS,DEATHS,KILLS) values (21,8,6,12,15);
Insert into B00098368.PERFORMS (PLAYER_ID,MATCH_ID,ASSISTS,DEATHS,KILLS) values (22,9,8,13,16);
Insert into B00098368.PERFORMS (PLAYER_ID,MATCH_ID,ASSISTS,DEATHS,KILLS) values (23,9,6,11,18);
Insert into B00098368.PERFORMS (PLAYER_ID,MATCH_ID,ASSISTS,DEATHS,KILLS) values (24,9,10,16,13);
Insert into B00098368.PERFORMS (PLAYER_ID,MATCH_ID,ASSISTS,DEATHS,KILLS) values (25,9,7,14,15);
Insert into B00098368.PERFORMS (PLAYER_ID,MATCH_ID,ASSISTS,DEATHS,KILLS) values (26,9,5,10,20);
Insert into B00098368.PERFORMS (PLAYER_ID,MATCH_ID,ASSISTS,DEATHS,KILLS) values (27,9,9,17,12);
Insert into B00098368.PERFORMS (PLAYER_ID,MATCH_ID,ASSISTS,DEATHS,KILLS) values (16,10,10,14,16);
Insert into B00098368.PERFORMS (PLAYER_ID,MATCH_ID,ASSISTS,DEATHS,KILLS) values (17,10,8,12,18);
Insert into B00098368.PERFORMS (PLAYER_ID,MATCH_ID,ASSISTS,DEATHS,KILLS) values (18,10,12,17,13);
Insert into B00098368.PERFORMS (PLAYER_ID,MATCH_ID,ASSISTS,DEATHS,KILLS) values (22,10,7,15,15);
Insert into B00098368.PERFORMS (PLAYER_ID,MATCH_ID,ASSISTS,DEATHS,KILLS) values (23,10,5,10,19);
Insert into B00098368.PERFORMS (PLAYER_ID,MATCH_ID,ASSISTS,DEATHS,KILLS) values (24,10,9,16,14);
REM INSERTING into B00098368.PLAYER
SET DEFINE OFF;
Insert into B00098368.PLAYER (PLAYER_ID,FIRST_NAME,LAST_NAME,SALARY,NATIONALITY,ROLE,BDATE) values (1,'Alex','Hunter',95000,'American','Duelist',to_date('15-MAR-00','DD-MON-RR'));
Insert into B00098368.PLAYER (PLAYER_ID,FIRST_NAME,LAST_NAME,SALARY,NATIONALITY,ROLE,BDATE) values (2,'Jonas','Kraft',80000,'German','Sentinel',to_date('22-JUL-99','DD-MON-RR'));
Insert into B00098368.PLAYER (PLAYER_ID,FIRST_NAME,LAST_NAME,SALARY,NATIONALITY,ROLE,BDATE) values (3,'Lena','Park',72000,'Korean','Controller',to_date('10-JAN-01','DD-MON-RR'));
Insert into B00098368.PLAYER (PLAYER_ID,FIRST_NAME,LAST_NAME,SALARY,NATIONALITY,ROLE,BDATE) values (4,'Ivan','Petrov',85000,'Russian','Initiator',to_date('05-NOV-98','DD-MON-RR'));
Insert into B00098368.PLAYER (PLAYER_ID,FIRST_NAME,LAST_NAME,SALARY,NATIONALITY,ROLE,BDATE) values (5,'Sasha','Morozov',78000,'Ukrainian','Duelist',to_date('30-JUN-00','DD-MON-RR'));
Insert into B00098368.PLAYER (PLAYER_ID,FIRST_NAME,LAST_NAME,SALARY,NATIONALITY,ROLE,BDATE) values (6,'Carlos','Reyes',70000,'Brazilian','AWPer',to_date('18-SEP-01','DD-MON-RR'));
Insert into B00098368.PLAYER (PLAYER_ID,FIRST_NAME,LAST_NAME,SALARY,NATIONALITY,ROLE,BDATE) values (7,'Mikkel','Hansen',82000,'Danish','Rifler',to_date('12-APR-99','DD-MON-RR'));
Insert into B00098368.PLAYER (PLAYER_ID,FIRST_NAME,LAST_NAME,SALARY,NATIONALITY,ROLE,BDATE) values (8,'Nikola','Kovac',95000,'Bosnian','Rifler',to_date('16-FEB-97','DD-MON-RR'));
Insert into B00098368.PLAYER (PLAYER_ID,FIRST_NAME,LAST_NAME,SALARY,NATIONALITY,ROLE,BDATE) values (9,'Timothy','Chase',68000,'American','IGL',to_date('25-AUG-02','DD-MON-RR'));
Insert into B00098368.PLAYER (PLAYER_ID,FIRST_NAME,LAST_NAME,SALARY,NATIONALITY,ROLE,BDATE) values (10,'Olof','Kajbjer',88000,'Swedish','Rifler',to_date('03-DEC-96','DD-MON-RR'));
Insert into B00098368.PLAYER (PLAYER_ID,FIRST_NAME,LAST_NAME,SALARY,NATIONALITY,ROLE,BDATE) values (11,'Robin','Ronnquist',73000,'Swedish','Support',to_date('14-MAY-00','DD-MON-RR'));
Insert into B00098368.PLAYER (PLAYER_ID,FIRST_NAME,LAST_NAME,SALARY,NATIONALITY,ROLE,BDATE) values (12,'William','Hobbs',71000,'British','Rifler',to_date('29-NOV-01','DD-MON-RR'));
Insert into B00098368.PLAYER (PLAYER_ID,FIRST_NAME,LAST_NAME,SALARY,NATIONALITY,ROLE,BDATE) values (14,'Russ','Daley',74000,'American','IGL',to_date('11-OCT-99','DD-MON-RR'));
Insert into B00098368.PLAYER (PLAYER_ID,FIRST_NAME,LAST_NAME,SALARY,NATIONALITY,ROLE,BDATE) values (15,'Martin','Lund',77000,'Danish','AWPer',to_date('28-JAN-00','DD-MON-RR'));
Insert into B00098368.PLAYER (PLAYER_ID,FIRST_NAME,LAST_NAME,SALARY,NATIONALITY,ROLE,BDATE) values (16,'Naman','Mathur',60000,'Indian','IGL',to_date('22-MAY-97','DD-MON-RR'));
Insert into B00098368.PLAYER (PLAYER_ID,FIRST_NAME,LAST_NAME,SALARY,NATIONALITY,ROLE,BDATE) values (17,'Tanvir','Ahmed',58000,'Indian','Rifler',to_date('14-NOV-99','DD-MON-RR'));
Insert into B00098368.PLAYER (PLAYER_ID,FIRST_NAME,LAST_NAME,SALARY,NATIONALITY,ROLE,BDATE) values (18,'Jonathan','Jogi',62000,'Indian','Duelist',to_date('19-JUL-01','DD-MON-RR'));
Insert into B00098368.PLAYER (PLAYER_ID,FIRST_NAME,LAST_NAME,SALARY,NATIONALITY,ROLE,BDATE) values (19,'Vivek','Horo',57000,'Indian','AWPer',to_date('03-SEP-00','DD-MON-RR'));
Insert into B00098368.PLAYER (PLAYER_ID,FIRST_NAME,LAST_NAME,SALARY,NATIONALITY,ROLE,BDATE) values (20,'Hector','Rodrigues',55000,'Indian','Sentinel',to_date('27-APR-01','DD-MON-RR'));
Insert into B00098368.PLAYER (PLAYER_ID,FIRST_NAME,LAST_NAME,SALARY,NATIONALITY,ROLE,BDATE) values (21,'Akshat','Yadav',56000,'Indian','Controller',to_date('15-FEB-02','DD-MON-RR'));
Insert into B00098368.PLAYER (PLAYER_ID,FIRST_NAME,LAST_NAME,SALARY,NATIONALITY,ROLE,BDATE) values (22,'Atharv','Pimpalkar',54000,'Indian','Initiator',to_date('30-JUN-01','DD-MON-RR'));
Insert into B00098368.PLAYER (PLAYER_ID,FIRST_NAME,LAST_NAME,SALARY,NATIONALITY,ROLE,BDATE) values (23,'Sabyasachi','Bose',59000,'Indian','Rifler',to_date('08-DEC-00','DD-MON-RR'));
Insert into B00098368.PLAYER (PLAYER_ID,FIRST_NAME,LAST_NAME,SALARY,NATIONALITY,ROLE,BDATE) values (24,'Arjun','Nair',53000,'Indian','Support',to_date('20-JAN-02','DD-MON-RR'));
Insert into B00098368.PLAYER (PLAYER_ID,FIRST_NAME,LAST_NAME,SALARY,NATIONALITY,ROLE,BDATE) values (25,'Hassan','Butt',50000,'Pakistani','Rifler',to_date('11-MAR-00','DD-MON-RR'));
Insert into B00098368.PLAYER (PLAYER_ID,FIRST_NAME,LAST_NAME,SALARY,NATIONALITY,ROLE,BDATE) values (26,'Shahzaib','Khan',52000,'Pakistani','AWPer',to_date('25-AUG-99','DD-MON-RR'));
Insert into B00098368.PLAYER (PLAYER_ID,FIRST_NAME,LAST_NAME,SALARY,NATIONALITY,ROLE,BDATE) values (27,'Talha','Mirza',48000,'Pakistani','IGL',to_date('17-MAY-01','DD-MON-RR'));
Insert into B00098368.PLAYER (PLAYER_ID,FIRST_NAME,LAST_NAME,SALARY,NATIONALITY,ROLE,BDATE) values (28,'Zain','Raza',49000,'Pakistani','Duelist',to_date('04-OCT-02','DD-MON-RR'));
Insert into B00098368.PLAYER (PLAYER_ID,FIRST_NAME,LAST_NAME,SALARY,NATIONALITY,ROLE,BDATE) values (29,'Bilal','Ahmed',47000,'Pakistani','Controller',to_date('22-DEC-01','DD-MON-RR'));
Insert into B00098368.PLAYER (PLAYER_ID,FIRST_NAME,LAST_NAME,SALARY,NATIONALITY,ROLE,BDATE) values (30,'Omar','Al Farsi',65000,'Emirati','IGL',to_date('15-JUN-99','DD-MON-RR'));
Insert into B00098368.PLAYER (PLAYER_ID,FIRST_NAME,LAST_NAME,SALARY,NATIONALITY,ROLE,BDATE) values (31,'Khalid','Al Suwaidi',63000,'Emirati','AWPer',to_date('28-FEB-00','DD-MON-RR'));
Insert into B00098368.PLAYER (PLAYER_ID,FIRST_NAME,LAST_NAME,SALARY,NATIONALITY,ROLE,BDATE) values (32,'Rayan','Hassan',60000,'Emirati','Duelist',to_date('12-SEP-01','DD-MON-RR'));
Insert into B00098368.PLAYER (PLAYER_ID,FIRST_NAME,LAST_NAME,SALARY,NATIONALITY,ROLE,BDATE) values (33,'Faris','Al Mazrouei',61000,'Emirati','Rifler',to_date('07-NOV-00','DD-MON-RR'));
Insert into B00098368.PLAYER (PLAYER_ID,FIRST_NAME,LAST_NAME,SALARY,NATIONALITY,ROLE,BDATE) values (34,'Abdullah','Al Qahtani',68000,'Saudi','IGL',to_date('19-APR-98','DD-MON-RR'));
Insert into B00098368.PLAYER (PLAYER_ID,FIRST_NAME,LAST_NAME,SALARY,NATIONALITY,ROLE,BDATE) values (35,'Fahad','Al Otaibi',64000,'Saudi','Rifler',to_date('31-JUL-99','DD-MON-RR'));
Insert into B00098368.PLAYER (PLAYER_ID,FIRST_NAME,LAST_NAME,SALARY,NATIONALITY,ROLE,BDATE) values (36,'Saud','Al Shehri',62000,'Saudi','AWPer',to_date('22-MAR-00','DD-MON-RR'));
Insert into B00098368.PLAYER (PLAYER_ID,FIRST_NAME,LAST_NAME,SALARY,NATIONALITY,ROLE,BDATE) values (37,'Saif','Al Ketbi',45000,'Emirati','Duelist',to_date('15-JUN-04','DD-MON-RR'));
REM INSERTING into B00098368.PLAYER_LANGUAGES
SET DEFINE OFF;
Insert into B00098368.PLAYER_LANGUAGES (LANGUAGE,PLAYER_ID) values ('Arabic',30);
Insert into B00098368.PLAYER_LANGUAGES (LANGUAGE,PLAYER_ID) values ('Arabic',31);
Insert into B00098368.PLAYER_LANGUAGES (LANGUAGE,PLAYER_ID) values ('Arabic',32);
Insert into B00098368.PLAYER_LANGUAGES (LANGUAGE,PLAYER_ID) values ('Arabic',33);
Insert into B00098368.PLAYER_LANGUAGES (LANGUAGE,PLAYER_ID) values ('Arabic',34);
Insert into B00098368.PLAYER_LANGUAGES (LANGUAGE,PLAYER_ID) values ('Arabic',35);
Insert into B00098368.PLAYER_LANGUAGES (LANGUAGE,PLAYER_ID) values ('Arabic',36);
Insert into B00098368.PLAYER_LANGUAGES (LANGUAGE,PLAYER_ID) values ('Arabic',37);
Insert into B00098368.PLAYER_LANGUAGES (LANGUAGE,PLAYER_ID) values ('Bosnian',8);
Insert into B00098368.PLAYER_LANGUAGES (LANGUAGE,PLAYER_ID) values ('Danish',7);
Insert into B00098368.PLAYER_LANGUAGES (LANGUAGE,PLAYER_ID) values ('Danish',15);
Insert into B00098368.PLAYER_LANGUAGES (LANGUAGE,PLAYER_ID) values ('English',1);
Insert into B00098368.PLAYER_LANGUAGES (LANGUAGE,PLAYER_ID) values ('English',2);
Insert into B00098368.PLAYER_LANGUAGES (LANGUAGE,PLAYER_ID) values ('English',3);
Insert into B00098368.PLAYER_LANGUAGES (LANGUAGE,PLAYER_ID) values ('English',4);
Insert into B00098368.PLAYER_LANGUAGES (LANGUAGE,PLAYER_ID) values ('English',7);
Insert into B00098368.PLAYER_LANGUAGES (LANGUAGE,PLAYER_ID) values ('English',8);
Insert into B00098368.PLAYER_LANGUAGES (LANGUAGE,PLAYER_ID) values ('English',9);
Insert into B00098368.PLAYER_LANGUAGES (LANGUAGE,PLAYER_ID) values ('English',10);
Insert into B00098368.PLAYER_LANGUAGES (LANGUAGE,PLAYER_ID) values ('English',11);
Insert into B00098368.PLAYER_LANGUAGES (LANGUAGE,PLAYER_ID) values ('English',12);
Insert into B00098368.PLAYER_LANGUAGES (LANGUAGE,PLAYER_ID) values ('English',14);
Insert into B00098368.PLAYER_LANGUAGES (LANGUAGE,PLAYER_ID) values ('English',15);
Insert into B00098368.PLAYER_LANGUAGES (LANGUAGE,PLAYER_ID) values ('English',16);
Insert into B00098368.PLAYER_LANGUAGES (LANGUAGE,PLAYER_ID) values ('English',17);
Insert into B00098368.PLAYER_LANGUAGES (LANGUAGE,PLAYER_ID) values ('English',19);
Insert into B00098368.PLAYER_LANGUAGES (LANGUAGE,PLAYER_ID) values ('English',21);
Insert into B00098368.PLAYER_LANGUAGES (LANGUAGE,PLAYER_ID) values ('English',23);
Insert into B00098368.PLAYER_LANGUAGES (LANGUAGE,PLAYER_ID) values ('English',25);
Insert into B00098368.PLAYER_LANGUAGES (LANGUAGE,PLAYER_ID) values ('English',27);
Insert into B00098368.PLAYER_LANGUAGES (LANGUAGE,PLAYER_ID) values ('English',29);
Insert into B00098368.PLAYER_LANGUAGES (LANGUAGE,PLAYER_ID) values ('English',30);
Insert into B00098368.PLAYER_LANGUAGES (LANGUAGE,PLAYER_ID) values ('English',31);
Insert into B00098368.PLAYER_LANGUAGES (LANGUAGE,PLAYER_ID) values ('English',32);
Insert into B00098368.PLAYER_LANGUAGES (LANGUAGE,PLAYER_ID) values ('English',34);
Insert into B00098368.PLAYER_LANGUAGES (LANGUAGE,PLAYER_ID) values ('English',35);
Insert into B00098368.PLAYER_LANGUAGES (LANGUAGE,PLAYER_ID) values ('English',36);
Insert into B00098368.PLAYER_LANGUAGES (LANGUAGE,PLAYER_ID) values ('English',37);
Insert into B00098368.PLAYER_LANGUAGES (LANGUAGE,PLAYER_ID) values ('German',2);
Insert into B00098368.PLAYER_LANGUAGES (LANGUAGE,PLAYER_ID) values ('Hindi',16);
Insert into B00098368.PLAYER_LANGUAGES (LANGUAGE,PLAYER_ID) values ('Hindi',17);
Insert into B00098368.PLAYER_LANGUAGES (LANGUAGE,PLAYER_ID) values ('Hindi',18);
Insert into B00098368.PLAYER_LANGUAGES (LANGUAGE,PLAYER_ID) values ('Hindi',19);
Insert into B00098368.PLAYER_LANGUAGES (LANGUAGE,PLAYER_ID) values ('Hindi',20);
Insert into B00098368.PLAYER_LANGUAGES (LANGUAGE,PLAYER_ID) values ('Hindi',21);
Insert into B00098368.PLAYER_LANGUAGES (LANGUAGE,PLAYER_ID) values ('Hindi',22);
Insert into B00098368.PLAYER_LANGUAGES (LANGUAGE,PLAYER_ID) values ('Hindi',23);
Insert into B00098368.PLAYER_LANGUAGES (LANGUAGE,PLAYER_ID) values ('Hindi',24);
Insert into B00098368.PLAYER_LANGUAGES (LANGUAGE,PLAYER_ID) values ('Hindi',33);
Insert into B00098368.PLAYER_LANGUAGES (LANGUAGE,PLAYER_ID) values ('Korean',3);
Insert into B00098368.PLAYER_LANGUAGES (LANGUAGE,PLAYER_ID) values ('Marathi',18);
Insert into B00098368.PLAYER_LANGUAGES (LANGUAGE,PLAYER_ID) values ('Marathi',22);
Insert into B00098368.PLAYER_LANGUAGES (LANGUAGE,PLAYER_ID) values ('Portuguese',6);
Insert into B00098368.PLAYER_LANGUAGES (LANGUAGE,PLAYER_ID) values ('Punjabi',26);
Insert into B00098368.PLAYER_LANGUAGES (LANGUAGE,PLAYER_ID) values ('Russian',4);
Insert into B00098368.PLAYER_LANGUAGES (LANGUAGE,PLAYER_ID) values ('Russian',5);
Insert into B00098368.PLAYER_LANGUAGES (LANGUAGE,PLAYER_ID) values ('Sindhi',28);
Insert into B00098368.PLAYER_LANGUAGES (LANGUAGE,PLAYER_ID) values ('Spanish',6);
Insert into B00098368.PLAYER_LANGUAGES (LANGUAGE,PLAYER_ID) values ('Swedish',10);
Insert into B00098368.PLAYER_LANGUAGES (LANGUAGE,PLAYER_ID) values ('Tamil',24);
Insert into B00098368.PLAYER_LANGUAGES (LANGUAGE,PLAYER_ID) values ('Telugu',20);
Insert into B00098368.PLAYER_LANGUAGES (LANGUAGE,PLAYER_ID) values ('Ukrainian',5);
Insert into B00098368.PLAYER_LANGUAGES (LANGUAGE,PLAYER_ID) values ('Urdu',25);
Insert into B00098368.PLAYER_LANGUAGES (LANGUAGE,PLAYER_ID) values ('Urdu',26);
Insert into B00098368.PLAYER_LANGUAGES (LANGUAGE,PLAYER_ID) values ('Urdu',27);
Insert into B00098368.PLAYER_LANGUAGES (LANGUAGE,PLAYER_ID) values ('Urdu',28);
Insert into B00098368.PLAYER_LANGUAGES (LANGUAGE,PLAYER_ID) values ('Urdu',29);
REM INSERTING into B00098368.PLAYS_IN
SET DEFINE OFF;
Insert into B00098368.PLAYS_IN (TEAM_ID,MATCH_ID) values (1,1);
Insert into B00098368.PLAYS_IN (TEAM_ID,MATCH_ID) values (1,3);
Insert into B00098368.PLAYS_IN (TEAM_ID,MATCH_ID) values (1,4);
Insert into B00098368.PLAYS_IN (TEAM_ID,MATCH_ID) values (1,15);
Insert into B00098368.PLAYS_IN (TEAM_ID,MATCH_ID) values (2,1);
Insert into B00098368.PLAYS_IN (TEAM_ID,MATCH_ID) values (2,6);
Insert into B00098368.PLAYS_IN (TEAM_ID,MATCH_ID) values (3,2);
Insert into B00098368.PLAYS_IN (TEAM_ID,MATCH_ID) values (3,3);
Insert into B00098368.PLAYS_IN (TEAM_ID,MATCH_ID) values (3,5);
Insert into B00098368.PLAYS_IN (TEAM_ID,MATCH_ID) values (4,2);
Insert into B00098368.PLAYS_IN (TEAM_ID,MATCH_ID) values (4,6);
Insert into B00098368.PLAYS_IN (TEAM_ID,MATCH_ID) values (5,7);
Insert into B00098368.PLAYS_IN (TEAM_ID,MATCH_ID) values (6,8);
Insert into B00098368.PLAYS_IN (TEAM_ID,MATCH_ID) values (6,9);
Insert into B00098368.PLAYS_IN (TEAM_ID,MATCH_ID) values (6,10);
Insert into B00098368.PLAYS_IN (TEAM_ID,MATCH_ID) values (7,8);
Insert into B00098368.PLAYS_IN (TEAM_ID,MATCH_ID) values (8,4);
Insert into B00098368.PLAYS_IN (TEAM_ID,MATCH_ID) values (8,10);
Insert into B00098368.PLAYS_IN (TEAM_ID,MATCH_ID) values (9,5);
Insert into B00098368.PLAYS_IN (TEAM_ID,MATCH_ID) values (9,7);
Insert into B00098368.PLAYS_IN (TEAM_ID,MATCH_ID) values (10,9);
REM INSERTING into B00098368.REGISTERS
SET DEFINE OFF;
Insert into B00098368.REGISTERS (TEAM_ID,TOURNAMENT_ID) values (1,1);
Insert into B00098368.REGISTERS (TEAM_ID,TOURNAMENT_ID) values (1,2);
Insert into B00098368.REGISTERS (TEAM_ID,TOURNAMENT_ID) values (1,6);
Insert into B00098368.REGISTERS (TEAM_ID,TOURNAMENT_ID) values (2,1);
Insert into B00098368.REGISTERS (TEAM_ID,TOURNAMENT_ID) values (2,3);
Insert into B00098368.REGISTERS (TEAM_ID,TOURNAMENT_ID) values (3,1);
Insert into B00098368.REGISTERS (TEAM_ID,TOURNAMENT_ID) values (3,2);
Insert into B00098368.REGISTERS (TEAM_ID,TOURNAMENT_ID) values (4,1);
Insert into B00098368.REGISTERS (TEAM_ID,TOURNAMENT_ID) values (4,3);
Insert into B00098368.REGISTERS (TEAM_ID,TOURNAMENT_ID) values (5,2);
Insert into B00098368.REGISTERS (TEAM_ID,TOURNAMENT_ID) values (5,3);
Insert into B00098368.REGISTERS (TEAM_ID,TOURNAMENT_ID) values (6,4);
Insert into B00098368.REGISTERS (TEAM_ID,TOURNAMENT_ID) values (8,2);
Insert into B00098368.REGISTERS (TEAM_ID,TOURNAMENT_ID) values (8,3);
Insert into B00098368.REGISTERS (TEAM_ID,TOURNAMENT_ID) values (8,4);
Insert into B00098368.REGISTERS (TEAM_ID,TOURNAMENT_ID) values (9,2);
Insert into B00098368.REGISTERS (TEAM_ID,TOURNAMENT_ID) values (9,3);
Insert into B00098368.REGISTERS (TEAM_ID,TOURNAMENT_ID) values (9,4);
Insert into B00098368.REGISTERS (TEAM_ID,TOURNAMENT_ID) values (9,6);
REM INSERTING into B00098368.ROUND
SET DEFINE OFF;
Insert into B00098368.ROUND (ROUND_NO,DURATION,WINNER,MATCH_ID) values (1,120,1,1);
Insert into B00098368.ROUND (ROUND_NO,DURATION,WINNER,MATCH_ID) values (2,95,2,1);
Insert into B00098368.ROUND (ROUND_NO,DURATION,WINNER,MATCH_ID) values (3,110,1,1);
Insert into B00098368.ROUND (ROUND_NO,DURATION,WINNER,MATCH_ID) values (1,105,3,2);
Insert into B00098368.ROUND (ROUND_NO,DURATION,WINNER,MATCH_ID) values (2,88,4,2);
Insert into B00098368.ROUND (ROUND_NO,DURATION,WINNER,MATCH_ID) values (3,115,3,2);
Insert into B00098368.ROUND (ROUND_NO,DURATION,WINNER,MATCH_ID) values (1,130,1,3);
Insert into B00098368.ROUND (ROUND_NO,DURATION,WINNER,MATCH_ID) values (2,115,3,3);
Insert into B00098368.ROUND (ROUND_NO,DURATION,WINNER,MATCH_ID) values (3,125,1,3);
Insert into B00098368.ROUND (ROUND_NO,DURATION,WINNER,MATCH_ID) values (1,140,1,4);
Insert into B00098368.ROUND (ROUND_NO,DURATION,WINNER,MATCH_ID) values (2,118,8,4);
Insert into B00098368.ROUND (ROUND_NO,DURATION,WINNER,MATCH_ID) values (3,135,1,4);
Insert into B00098368.ROUND (ROUND_NO,DURATION,WINNER,MATCH_ID) values (1,122,3,5);
Insert into B00098368.ROUND (ROUND_NO,DURATION,WINNER,MATCH_ID) values (2,98,9,5);
Insert into B00098368.ROUND (ROUND_NO,DURATION,WINNER,MATCH_ID) values (3,108,3,5);
Insert into B00098368.ROUND (ROUND_NO,DURATION,WINNER,MATCH_ID) values (1,112,2,6);
Insert into B00098368.ROUND (ROUND_NO,DURATION,WINNER,MATCH_ID) values (2,103,4,6);
Insert into B00098368.ROUND (ROUND_NO,DURATION,WINNER,MATCH_ID) values (3,119,2,6);
Insert into B00098368.ROUND (ROUND_NO,DURATION,WINNER,MATCH_ID) values (1,127,5,7);
Insert into B00098368.ROUND (ROUND_NO,DURATION,WINNER,MATCH_ID) values (2,94,9,7);
Insert into B00098368.ROUND (ROUND_NO,DURATION,WINNER,MATCH_ID) values (3,116,9,7);
Insert into B00098368.ROUND (ROUND_NO,DURATION,WINNER,MATCH_ID) values (1,133,6,8);
Insert into B00098368.ROUND (ROUND_NO,DURATION,WINNER,MATCH_ID) values (2,108,7,8);
Insert into B00098368.ROUND (ROUND_NO,DURATION,WINNER,MATCH_ID) values (3,121,6,8);
Insert into B00098368.ROUND (ROUND_NO,DURATION,WINNER,MATCH_ID) values (1,145,8,9);
Insert into B00098368.ROUND (ROUND_NO,DURATION,WINNER,MATCH_ID) values (2,112,10,9);
Insert into B00098368.ROUND (ROUND_NO,DURATION,WINNER,MATCH_ID) values (3,138,8,9);
Insert into B00098368.ROUND (ROUND_NO,DURATION,WINNER,MATCH_ID) values (1,119,6,10);
Insert into B00098368.ROUND (ROUND_NO,DURATION,WINNER,MATCH_ID) values (2,102,8,10);
Insert into B00098368.ROUND (ROUND_NO,DURATION,WINNER,MATCH_ID) values (3,127,6,10);
REM INSERTING into B00098368.SPONSOR
SET DEFINE OFF;
Insert into B00098368.SPONSOR (SPONSOR_ID,NAME) values (1,'Intel');
Insert into B00098368.SPONSOR (SPONSOR_ID,NAME) values (2,'Red Bull');
Insert into B00098368.SPONSOR (SPONSOR_ID,NAME) values (3,'HyperX');
Insert into B00098368.SPONSOR (SPONSOR_ID,NAME) values (4,'Logitech');
Insert into B00098368.SPONSOR (SPONSOR_ID,NAME) values (5,'ASUS ROG');
Insert into B00098368.SPONSOR (SPONSOR_ID,NAME) values (6,'Starry');
Insert into B00098368.SPONSOR (SPONSOR_ID,NAME) values (7,'Jio');
Insert into B00098368.SPONSOR (SPONSOR_ID,NAME) values (9,'Etisalat');
REM INSERTING into B00098368.SPONSORSHIP
SET DEFINE OFF;
Insert into B00098368.SPONSORSHIP (TOURNAMENT_ID,TEAM_ID,SPONSOR_ID) values (1,1,1);
Insert into B00098368.SPONSORSHIP (TOURNAMENT_ID,TEAM_ID,SPONSOR_ID) values (1,2,2);
Insert into B00098368.SPONSORSHIP (TOURNAMENT_ID,TEAM_ID,SPONSOR_ID) values (1,3,3);
Insert into B00098368.SPONSORSHIP (TOURNAMENT_ID,TEAM_ID,SPONSOR_ID) values (1,4,4);
Insert into B00098368.SPONSORSHIP (TOURNAMENT_ID,TEAM_ID,SPONSOR_ID) values (2,1,2);
Insert into B00098368.SPONSORSHIP (TOURNAMENT_ID,TEAM_ID,SPONSOR_ID) values (2,3,1);
Insert into B00098368.SPONSORSHIP (TOURNAMENT_ID,TEAM_ID,SPONSOR_ID) values (2,5,4);
Insert into B00098368.SPONSORSHIP (TOURNAMENT_ID,TEAM_ID,SPONSOR_ID) values (2,8,5);
Insert into B00098368.SPONSORSHIP (TOURNAMENT_ID,TEAM_ID,SPONSOR_ID) values (2,9,3);
Insert into B00098368.SPONSORSHIP (TOURNAMENT_ID,TEAM_ID,SPONSOR_ID) values (3,1,4);
Insert into B00098368.SPONSORSHIP (TOURNAMENT_ID,TEAM_ID,SPONSOR_ID) values (3,2,1);
Insert into B00098368.SPONSORSHIP (TOURNAMENT_ID,TEAM_ID,SPONSOR_ID) values (3,4,3);
Insert into B00098368.SPONSORSHIP (TOURNAMENT_ID,TEAM_ID,SPONSOR_ID) values (3,5,2);
Insert into B00098368.SPONSORSHIP (TOURNAMENT_ID,TEAM_ID,SPONSOR_ID) values (3,9,5);
Insert into B00098368.SPONSORSHIP (TOURNAMENT_ID,TEAM_ID,SPONSOR_ID) values (4,7,6);
Insert into B00098368.SPONSORSHIP (TOURNAMENT_ID,TEAM_ID,SPONSOR_ID) values (4,8,5);
Insert into B00098368.SPONSORSHIP (TOURNAMENT_ID,TEAM_ID,SPONSOR_ID) values (4,10,3);
Insert into B00098368.SPONSORSHIP (TOURNAMENT_ID,TEAM_ID,SPONSOR_ID) values (6,9,9);
REM INSERTING into B00098368.SPONSOR_CONTACT
SET DEFINE OFF;
Insert into B00098368.SPONSOR_CONTACT (CONTACT_NO,SPONSOR_ID) values ('+1-800-276-5568',5);
Insert into B00098368.SPONSOR_CONTACT (CONTACT_NO,SPONSOR_ID) values ('+1-800-276-5569',5);
Insert into B00098368.SPONSOR_CONTACT (CONTACT_NO,SPONSOR_ID) values ('+1-800-555-0102',1);
Insert into B00098368.SPONSOR_CONTACT (CONTACT_NO,SPONSOR_ID) values ('+1-800-555-0199',1);
Insert into B00098368.SPONSOR_CONTACT (CONTACT_NO,SPONSOR_ID) values ('+1-800-555-0201',3);
Insert into B00098368.SPONSOR_CONTACT (CONTACT_NO,SPONSOR_ID) values ('+1-800-555-0202',3);
Insert into B00098368.SPONSOR_CONTACT (CONTACT_NO,SPONSOR_ID) values ('+1-914-767-6000',6);
Insert into B00098368.SPONSOR_CONTACT (CONTACT_NO,SPONSOR_ID) values ('+41-21-863-5100',4);
Insert into B00098368.SPONSOR_CONTACT (CONTACT_NO,SPONSOR_ID) values ('+43-662-6582-001',2);
Insert into B00098368.SPONSOR_CONTACT (CONTACT_NO,SPONSOR_ID) values ('+91-22-6660-0000',7);
Insert into B00098368.SPONSOR_CONTACT (CONTACT_NO,SPONSOR_ID) values ('+91-22-6660-0001',7);
Insert into B00098368.SPONSOR_CONTACT (CONTACT_NO,SPONSOR_ID) values ('+971-2-628-3333',9);
Insert into B00098368.SPONSOR_CONTACT (CONTACT_NO,SPONSOR_ID) values ('+971-2-628-3334',9);
REM INSERTING into B00098368.TEAM
SET DEFINE OFF;
Insert into B00098368.TEAM (TEAM_ID,TEAM_NAME) values (2,'Natus Vincere');
Insert into B00098368.TEAM (TEAM_ID,TEAM_NAME) values (3,'FaZe Clan');
Insert into B00098368.TEAM (TEAM_ID,TEAM_NAME) values (1,'Team Liquid');
Insert into B00098368.TEAM (TEAM_ID,TEAM_NAME) values (4,'Cloud9');
Insert into B00098368.TEAM (TEAM_ID,TEAM_NAME) values (5,'Fnatic');
Insert into B00098368.TEAM (TEAM_ID,TEAM_NAME) values (6,'Team SouL');
Insert into B00098368.TEAM (TEAM_ID,TEAM_NAME) values (7,'GodLike Esports');
Insert into B00098368.TEAM (TEAM_ID,TEAM_NAME) values (8,'Entity Gaming');
Insert into B00098368.TEAM (TEAM_ID,TEAM_NAME) values (9,'Team Falcons');
Insert into B00098368.TEAM (TEAM_ID,TEAM_NAME) values (10,'Team Spirit');
REM INSERTING into B00098368.TOURNAMENT
SET DEFINE OFF;
Insert into B00098368.TOURNAMENT (TOURNAMENT_ID,NAME,START_DATE,END_DATE,PRIZE_POOL,VENUE_ID) values (6,'BLAST Premier Riyadh',to_date('01-OCT-25','DD-MON-RR'),to_date('14-OCT-25','DD-MON-RR'),850000,7);
Insert into B00098368.TOURNAMENT (TOURNAMENT_ID,NAME,START_DATE,END_DATE,PRIZE_POOL,VENUE_ID) values (1,'ESL Pro League S19',to_date('10-JAN-25','DD-MON-RR'),to_date('25-JAN-25','DD-MON-RR'),500000,1);
Insert into B00098368.TOURNAMENT (TOURNAMENT_ID,NAME,START_DATE,END_DATE,PRIZE_POOL,VENUE_ID) values (2,'VCT Champions 2025',to_date('05-MAR-25','DD-MON-RR'),to_date('20-MAR-25','DD-MON-RR'),1000000,2);
Insert into B00098368.TOURNAMENT (TOURNAMENT_ID,NAME,START_DATE,END_DATE,PRIZE_POOL,VENUE_ID) values (3,'IEM Dubai 2025',to_date('01-MAY-25','DD-MON-RR'),to_date('15-MAY-25','DD-MON-RR'),750000,3);
Insert into B00098368.TOURNAMENT (TOURNAMENT_ID,NAME,START_DATE,END_DATE,PRIZE_POOL,VENUE_ID) values (4,'South Asia Open 2025',to_date('10-JUN-25','DD-MON-RR'),to_date('22-JUN-25','DD-MON-RR'),450000,4);
REM INSERTING into B00098368.VENUE
SET DEFINE OFF;
Insert into B00098368.VENUE (VENUE_ID,CITY,COUNTRY,VENUE_NAME) values (1,'Cologne','Germany','ESL Arena');
Insert into B00098368.VENUE (VENUE_ID,CITY,COUNTRY,VENUE_NAME) values (2,'Los Angeles','USA','Crypto.com Arena');
Insert into B00098368.VENUE (VENUE_ID,CITY,COUNTRY,VENUE_NAME) values (3,'Dubai','UAE','Dubai Esports Arena');
Insert into B00098368.VENUE (VENUE_ID,CITY,COUNTRY,VENUE_NAME) values (4,'Mumbai','India','Jio World Convention');
Insert into B00098368.VENUE (VENUE_ID,CITY,COUNTRY,VENUE_NAME) values (7,'Riyadh','Saudi Arabia','Kingdom Arena');
--------------------------------------------------------
--  DDL for Index COACH_PK
--------------------------------------------------------

  CREATE UNIQUE INDEX "B00098368"."COACH_PK" ON "B00098368"."COACH" ("COACH_ID") 
  PCTFREE 10 INITRANS 2 MAXTRANS 255 COMPUTE STATISTICS 
  STORAGE(INITIAL 65536 NEXT 1048576 MINEXTENTS 1 MAXEXTENTS 2147483645
  PCTINCREASE 0 FREELISTS 1 FREELIST GROUPS 1
  BUFFER_POOL DEFAULT FLASH_CACHE DEFAULT CELL_FLASH_CACHE DEFAULT)
  TABLESPACE "USERS" ;
--------------------------------------------------------
--  DDL for Index COACH__IDX
--------------------------------------------------------

  CREATE UNIQUE INDEX "B00098368"."COACH__IDX" ON "B00098368"."COACH" ("TEAM_ID") 
  PCTFREE 10 INITRANS 2 MAXTRANS 255 COMPUTE STATISTICS 
  STORAGE(INITIAL 65536 NEXT 1048576 MINEXTENTS 1 MAXEXTENTS 2147483645
  PCTINCREASE 0 FREELISTS 1 FREELIST GROUPS 1
  BUFFER_POOL DEFAULT FLASH_CACHE DEFAULT CELL_FLASH_CACHE DEFAULT)
  TABLESPACE "USERS" ;
--------------------------------------------------------
--  DDL for Index CONTRACT_PK
--------------------------------------------------------

  CREATE UNIQUE INDEX "B00098368"."CONTRACT_PK" ON "B00098368"."CONTRACT" ("PLAYER_ID", "TEAM_ID") 
  PCTFREE 10 INITRANS 2 MAXTRANS 255 COMPUTE STATISTICS 
  STORAGE(INITIAL 65536 NEXT 1048576 MINEXTENTS 1 MAXEXTENTS 2147483645
  PCTINCREASE 0 FREELISTS 1 FREELIST GROUPS 1
  BUFFER_POOL DEFAULT FLASH_CACHE DEFAULT CELL_FLASH_CACHE DEFAULT)
  TABLESPACE "USERS" ;
--------------------------------------------------------
--  DDL for Index GAME_PK
--------------------------------------------------------

  CREATE UNIQUE INDEX "B00098368"."GAME_PK" ON "B00098368"."GAME" ("GAME_ID") 
  PCTFREE 10 INITRANS 2 MAXTRANS 255 COMPUTE STATISTICS 
  STORAGE(INITIAL 65536 NEXT 1048576 MINEXTENTS 1 MAXEXTENTS 2147483645
  PCTINCREASE 0 FREELISTS 1 FREELIST GROUPS 1
  BUFFER_POOL DEFAULT FLASH_CACHE DEFAULT CELL_FLASH_CACHE DEFAULT)
  TABLESPACE "USERS" ;
--------------------------------------------------------
--  DDL for Index MATCH_PK
--------------------------------------------------------

  CREATE UNIQUE INDEX "B00098368"."MATCH_PK" ON "B00098368"."MATCH" ("MATCH_ID") 
  PCTFREE 10 INITRANS 2 MAXTRANS 255 COMPUTE STATISTICS 
  STORAGE(INITIAL 65536 NEXT 1048576 MINEXTENTS 1 MAXEXTENTS 2147483645
  PCTINCREASE 0 FREELISTS 1 FREELIST GROUPS 1
  BUFFER_POOL DEFAULT FLASH_CACHE DEFAULT CELL_FLASH_CACHE DEFAULT)
  TABLESPACE "USERS" ;
--------------------------------------------------------
--  DDL for Index PERFORMS_PK
--------------------------------------------------------

  CREATE UNIQUE INDEX "B00098368"."PERFORMS_PK" ON "B00098368"."PERFORMS" ("PLAYER_ID", "MATCH_ID") 
  PCTFREE 10 INITRANS 2 MAXTRANS 255 COMPUTE STATISTICS 
  STORAGE(INITIAL 65536 NEXT 1048576 MINEXTENTS 1 MAXEXTENTS 2147483645
  PCTINCREASE 0 FREELISTS 1 FREELIST GROUPS 1
  BUFFER_POOL DEFAULT FLASH_CACHE DEFAULT CELL_FLASH_CACHE DEFAULT)
  TABLESPACE "USERS" ;
--------------------------------------------------------
--  DDL for Index PLAYER_LANGUAGES_PK
--------------------------------------------------------

  CREATE UNIQUE INDEX "B00098368"."PLAYER_LANGUAGES_PK" ON "B00098368"."PLAYER_LANGUAGES" ("LANGUAGE", "PLAYER_ID") 
  PCTFREE 10 INITRANS 2 MAXTRANS 255 COMPUTE STATISTICS 
  STORAGE(INITIAL 65536 NEXT 1048576 MINEXTENTS 1 MAXEXTENTS 2147483645
  PCTINCREASE 0 FREELISTS 1 FREELIST GROUPS 1
  BUFFER_POOL DEFAULT FLASH_CACHE DEFAULT CELL_FLASH_CACHE DEFAULT)
  TABLESPACE "USERS" ;
--------------------------------------------------------
--  DDL for Index PLAYER_PK
--------------------------------------------------------

  CREATE UNIQUE INDEX "B00098368"."PLAYER_PK" ON "B00098368"."PLAYER" ("PLAYER_ID") 
  PCTFREE 10 INITRANS 2 MAXTRANS 255 COMPUTE STATISTICS 
  STORAGE(INITIAL 65536 NEXT 1048576 MINEXTENTS 1 MAXEXTENTS 2147483645
  PCTINCREASE 0 FREELISTS 1 FREELIST GROUPS 1
  BUFFER_POOL DEFAULT FLASH_CACHE DEFAULT CELL_FLASH_CACHE DEFAULT)
  TABLESPACE "USERS" ;
--------------------------------------------------------
--  DDL for Index PLAYS_IN_PK
--------------------------------------------------------

  CREATE UNIQUE INDEX "B00098368"."PLAYS_IN_PK" ON "B00098368"."PLAYS_IN" ("TEAM_ID", "MATCH_ID") 
  PCTFREE 10 INITRANS 2 MAXTRANS 255 COMPUTE STATISTICS 
  STORAGE(INITIAL 65536 NEXT 1048576 MINEXTENTS 1 MAXEXTENTS 2147483645
  PCTINCREASE 0 FREELISTS 1 FREELIST GROUPS 1
  BUFFER_POOL DEFAULT FLASH_CACHE DEFAULT CELL_FLASH_CACHE DEFAULT)
  TABLESPACE "USERS" ;
--------------------------------------------------------
--  DDL for Index REGISTERS_PK
--------------------------------------------------------

  CREATE UNIQUE INDEX "B00098368"."REGISTERS_PK" ON "B00098368"."REGISTERS" ("TEAM_ID", "TOURNAMENT_ID") 
  PCTFREE 10 INITRANS 2 MAXTRANS 255 COMPUTE STATISTICS 
  STORAGE(INITIAL 65536 NEXT 1048576 MINEXTENTS 1 MAXEXTENTS 2147483645
  PCTINCREASE 0 FREELISTS 1 FREELIST GROUPS 1
  BUFFER_POOL DEFAULT FLASH_CACHE DEFAULT CELL_FLASH_CACHE DEFAULT)
  TABLESPACE "USERS" ;
--------------------------------------------------------
--  DDL for Index ROUND_PK
--------------------------------------------------------

  CREATE UNIQUE INDEX "B00098368"."ROUND_PK" ON "B00098368"."ROUND" ("ROUND_NO", "MATCH_ID") 
  PCTFREE 10 INITRANS 2 MAXTRANS 255 COMPUTE STATISTICS 
  STORAGE(INITIAL 65536 NEXT 1048576 MINEXTENTS 1 MAXEXTENTS 2147483645
  PCTINCREASE 0 FREELISTS 1 FREELIST GROUPS 1
  BUFFER_POOL DEFAULT FLASH_CACHE DEFAULT CELL_FLASH_CACHE DEFAULT)
  TABLESPACE "USERS" ;
--------------------------------------------------------
--  DDL for Index SPONSORSHIP_PK
--------------------------------------------------------

  CREATE UNIQUE INDEX "B00098368"."SPONSORSHIP_PK" ON "B00098368"."SPONSORSHIP" ("TOURNAMENT_ID", "TEAM_ID", "SPONSOR_ID") 
  PCTFREE 10 INITRANS 2 MAXTRANS 255 COMPUTE STATISTICS 
  STORAGE(INITIAL 65536 NEXT 1048576 MINEXTENTS 1 MAXEXTENTS 2147483645
  PCTINCREASE 0 FREELISTS 1 FREELIST GROUPS 1
  BUFFER_POOL DEFAULT FLASH_CACHE DEFAULT CELL_FLASH_CACHE DEFAULT)
  TABLESPACE "USERS" ;
--------------------------------------------------------
--  DDL for Index SPONSORSHIP_UNIQUE_TOURNAMENT
--------------------------------------------------------

  CREATE UNIQUE INDEX "B00098368"."SPONSORSHIP_UNIQUE_TOURNAMENT" ON "B00098368"."SPONSORSHIP" ("TOURNAMENT_ID", "SPONSOR_ID") 
  PCTFREE 10 INITRANS 2 MAXTRANS 255 COMPUTE STATISTICS 
  STORAGE(INITIAL 65536 NEXT 1048576 MINEXTENTS 1 MAXEXTENTS 2147483645
  PCTINCREASE 0 FREELISTS 1 FREELIST GROUPS 1
  BUFFER_POOL DEFAULT FLASH_CACHE DEFAULT CELL_FLASH_CACHE DEFAULT)
  TABLESPACE "USERS" ;
--------------------------------------------------------
--  DDL for Index SPONSOR_CONTACT_PK
--------------------------------------------------------

  CREATE UNIQUE INDEX "B00098368"."SPONSOR_CONTACT_PK" ON "B00098368"."SPONSOR_CONTACT" ("CONTACT_NO", "SPONSOR_ID") 
  PCTFREE 10 INITRANS 2 MAXTRANS 255 COMPUTE STATISTICS 
  STORAGE(INITIAL 65536 NEXT 1048576 MINEXTENTS 1 MAXEXTENTS 2147483645
  PCTINCREASE 0 FREELISTS 1 FREELIST GROUPS 1
  BUFFER_POOL DEFAULT FLASH_CACHE DEFAULT CELL_FLASH_CACHE DEFAULT)
  TABLESPACE "USERS" ;
--------------------------------------------------------
--  DDL for Index SPONSOR_PK
--------------------------------------------------------

  CREATE UNIQUE INDEX "B00098368"."SPONSOR_PK" ON "B00098368"."SPONSOR" ("SPONSOR_ID") 
  PCTFREE 10 INITRANS 2 MAXTRANS 255 COMPUTE STATISTICS 
  STORAGE(INITIAL 65536 NEXT 1048576 MINEXTENTS 1 MAXEXTENTS 2147483645
  PCTINCREASE 0 FREELISTS 1 FREELIST GROUPS 1
  BUFFER_POOL DEFAULT FLASH_CACHE DEFAULT CELL_FLASH_CACHE DEFAULT)
  TABLESPACE "USERS" ;
--------------------------------------------------------
--  DDL for Index SYS_C00222449
--------------------------------------------------------

  CREATE UNIQUE INDEX "B00098368"."SYS_C00222449" ON "B00098368"."LOGGEDUSERS" ("USERNAME") 
  PCTFREE 10 INITRANS 2 MAXTRANS 255 COMPUTE STATISTICS 
  STORAGE(INITIAL 65536 NEXT 1048576 MINEXTENTS 1 MAXEXTENTS 2147483645
  PCTINCREASE 0 FREELISTS 1 FREELIST GROUPS 1
  BUFFER_POOL DEFAULT FLASH_CACHE DEFAULT CELL_FLASH_CACHE DEFAULT)
  TABLESPACE "USERS" ;
--------------------------------------------------------
--  DDL for Index TEAM_PK
--------------------------------------------------------

  CREATE UNIQUE INDEX "B00098368"."TEAM_PK" ON "B00098368"."TEAM" ("TEAM_ID") 
  PCTFREE 10 INITRANS 2 MAXTRANS 255 COMPUTE STATISTICS 
  STORAGE(INITIAL 65536 NEXT 1048576 MINEXTENTS 1 MAXEXTENTS 2147483645
  PCTINCREASE 0 FREELISTS 1 FREELIST GROUPS 1
  BUFFER_POOL DEFAULT FLASH_CACHE DEFAULT CELL_FLASH_CACHE DEFAULT)
  TABLESPACE "USERS" ;
--------------------------------------------------------
--  DDL for Index TOURNAMENT_PK
--------------------------------------------------------

  CREATE UNIQUE INDEX "B00098368"."TOURNAMENT_PK" ON "B00098368"."TOURNAMENT" ("TOURNAMENT_ID") 
  PCTFREE 10 INITRANS 2 MAXTRANS 255 COMPUTE STATISTICS 
  STORAGE(INITIAL 65536 NEXT 1048576 MINEXTENTS 1 MAXEXTENTS 2147483645
  PCTINCREASE 0 FREELISTS 1 FREELIST GROUPS 1
  BUFFER_POOL DEFAULT FLASH_CACHE DEFAULT CELL_FLASH_CACHE DEFAULT)
  TABLESPACE "USERS" ;
--------------------------------------------------------
--  DDL for Index VENUE_PK
--------------------------------------------------------

  CREATE UNIQUE INDEX "B00098368"."VENUE_PK" ON "B00098368"."VENUE" ("VENUE_ID") 
  PCTFREE 10 INITRANS 2 MAXTRANS 255 COMPUTE STATISTICS 
  STORAGE(INITIAL 65536 NEXT 1048576 MINEXTENTS 1 MAXEXTENTS 2147483645
  PCTINCREASE 0 FREELISTS 1 FREELIST GROUPS 1
  BUFFER_POOL DEFAULT FLASH_CACHE DEFAULT CELL_FLASH_CACHE DEFAULT)
  TABLESPACE "USERS" ;
--------------------------------------------------------
--  DDL for Index GAME_PK
--------------------------------------------------------

  CREATE UNIQUE INDEX "B00098368"."GAME_PK" ON "B00098368"."GAME" ("GAME_ID") 
  PCTFREE 10 INITRANS 2 MAXTRANS 255 COMPUTE STATISTICS 
  STORAGE(INITIAL 65536 NEXT 1048576 MINEXTENTS 1 MAXEXTENTS 2147483645
  PCTINCREASE 0 FREELISTS 1 FREELIST GROUPS 1
  BUFFER_POOL DEFAULT FLASH_CACHE DEFAULT CELL_FLASH_CACHE DEFAULT)
  TABLESPACE "USERS" ;
--------------------------------------------------------
--  DDL for Index COACH_PK
--------------------------------------------------------

  CREATE UNIQUE INDEX "B00098368"."COACH_PK" ON "B00098368"."COACH" ("COACH_ID") 
  PCTFREE 10 INITRANS 2 MAXTRANS 255 COMPUTE STATISTICS 
  STORAGE(INITIAL 65536 NEXT 1048576 MINEXTENTS 1 MAXEXTENTS 2147483645
  PCTINCREASE 0 FREELISTS 1 FREELIST GROUPS 1
  BUFFER_POOL DEFAULT FLASH_CACHE DEFAULT CELL_FLASH_CACHE DEFAULT)
  TABLESPACE "USERS" ;
--------------------------------------------------------
--  DDL for Index COACH__IDX
--------------------------------------------------------

  CREATE UNIQUE INDEX "B00098368"."COACH__IDX" ON "B00098368"."COACH" ("TEAM_ID") 
  PCTFREE 10 INITRANS 2 MAXTRANS 255 COMPUTE STATISTICS 
  STORAGE(INITIAL 65536 NEXT 1048576 MINEXTENTS 1 MAXEXTENTS 2147483645
  PCTINCREASE 0 FREELISTS 1 FREELIST GROUPS 1
  BUFFER_POOL DEFAULT FLASH_CACHE DEFAULT CELL_FLASH_CACHE DEFAULT)
  TABLESPACE "USERS" ;
--------------------------------------------------------
--  DDL for Index CONTRACT_PK
--------------------------------------------------------

  CREATE UNIQUE INDEX "B00098368"."CONTRACT_PK" ON "B00098368"."CONTRACT" ("PLAYER_ID", "TEAM_ID") 
  PCTFREE 10 INITRANS 2 MAXTRANS 255 COMPUTE STATISTICS 
  STORAGE(INITIAL 65536 NEXT 1048576 MINEXTENTS 1 MAXEXTENTS 2147483645
  PCTINCREASE 0 FREELISTS 1 FREELIST GROUPS 1
  BUFFER_POOL DEFAULT FLASH_CACHE DEFAULT CELL_FLASH_CACHE DEFAULT)
  TABLESPACE "USERS" ;
--------------------------------------------------------
--  DDL for Index SYS_C00222449
--------------------------------------------------------

  CREATE UNIQUE INDEX "B00098368"."SYS_C00222449" ON "B00098368"."LOGGEDUSERS" ("USERNAME") 
  PCTFREE 10 INITRANS 2 MAXTRANS 255 COMPUTE STATISTICS 
  STORAGE(INITIAL 65536 NEXT 1048576 MINEXTENTS 1 MAXEXTENTS 2147483645
  PCTINCREASE 0 FREELISTS 1 FREELIST GROUPS 1
  BUFFER_POOL DEFAULT FLASH_CACHE DEFAULT CELL_FLASH_CACHE DEFAULT)
  TABLESPACE "USERS" ;
--------------------------------------------------------
--  DDL for Index MATCH_PK
--------------------------------------------------------

  CREATE UNIQUE INDEX "B00098368"."MATCH_PK" ON "B00098368"."MATCH" ("MATCH_ID") 
  PCTFREE 10 INITRANS 2 MAXTRANS 255 COMPUTE STATISTICS 
  STORAGE(INITIAL 65536 NEXT 1048576 MINEXTENTS 1 MAXEXTENTS 2147483645
  PCTINCREASE 0 FREELISTS 1 FREELIST GROUPS 1
  BUFFER_POOL DEFAULT FLASH_CACHE DEFAULT CELL_FLASH_CACHE DEFAULT)
  TABLESPACE "USERS" ;
--------------------------------------------------------
--  DDL for Index PERFORMS_PK
--------------------------------------------------------

  CREATE UNIQUE INDEX "B00098368"."PERFORMS_PK" ON "B00098368"."PERFORMS" ("PLAYER_ID", "MATCH_ID") 
  PCTFREE 10 INITRANS 2 MAXTRANS 255 COMPUTE STATISTICS 
  STORAGE(INITIAL 65536 NEXT 1048576 MINEXTENTS 1 MAXEXTENTS 2147483645
  PCTINCREASE 0 FREELISTS 1 FREELIST GROUPS 1
  BUFFER_POOL DEFAULT FLASH_CACHE DEFAULT CELL_FLASH_CACHE DEFAULT)
  TABLESPACE "USERS" ;
--------------------------------------------------------
--  DDL for Index PLAYER_PK
--------------------------------------------------------

  CREATE UNIQUE INDEX "B00098368"."PLAYER_PK" ON "B00098368"."PLAYER" ("PLAYER_ID") 
  PCTFREE 10 INITRANS 2 MAXTRANS 255 COMPUTE STATISTICS 
  STORAGE(INITIAL 65536 NEXT 1048576 MINEXTENTS 1 MAXEXTENTS 2147483645
  PCTINCREASE 0 FREELISTS 1 FREELIST GROUPS 1
  BUFFER_POOL DEFAULT FLASH_CACHE DEFAULT CELL_FLASH_CACHE DEFAULT)
  TABLESPACE "USERS" ;
--------------------------------------------------------
--  DDL for Index PLAYER_LANGUAGES_PK
--------------------------------------------------------

  CREATE UNIQUE INDEX "B00098368"."PLAYER_LANGUAGES_PK" ON "B00098368"."PLAYER_LANGUAGES" ("LANGUAGE", "PLAYER_ID") 
  PCTFREE 10 INITRANS 2 MAXTRANS 255 COMPUTE STATISTICS 
  STORAGE(INITIAL 65536 NEXT 1048576 MINEXTENTS 1 MAXEXTENTS 2147483645
  PCTINCREASE 0 FREELISTS 1 FREELIST GROUPS 1
  BUFFER_POOL DEFAULT FLASH_CACHE DEFAULT CELL_FLASH_CACHE DEFAULT)
  TABLESPACE "USERS" ;
--------------------------------------------------------
--  DDL for Index PLAYS_IN_PK
--------------------------------------------------------

  CREATE UNIQUE INDEX "B00098368"."PLAYS_IN_PK" ON "B00098368"."PLAYS_IN" ("TEAM_ID", "MATCH_ID") 
  PCTFREE 10 INITRANS 2 MAXTRANS 255 COMPUTE STATISTICS 
  STORAGE(INITIAL 65536 NEXT 1048576 MINEXTENTS 1 MAXEXTENTS 2147483645
  PCTINCREASE 0 FREELISTS 1 FREELIST GROUPS 1
  BUFFER_POOL DEFAULT FLASH_CACHE DEFAULT CELL_FLASH_CACHE DEFAULT)
  TABLESPACE "USERS" ;
--------------------------------------------------------
--  DDL for Index REGISTERS_PK
--------------------------------------------------------

  CREATE UNIQUE INDEX "B00098368"."REGISTERS_PK" ON "B00098368"."REGISTERS" ("TEAM_ID", "TOURNAMENT_ID") 
  PCTFREE 10 INITRANS 2 MAXTRANS 255 COMPUTE STATISTICS 
  STORAGE(INITIAL 65536 NEXT 1048576 MINEXTENTS 1 MAXEXTENTS 2147483645
  PCTINCREASE 0 FREELISTS 1 FREELIST GROUPS 1
  BUFFER_POOL DEFAULT FLASH_CACHE DEFAULT CELL_FLASH_CACHE DEFAULT)
  TABLESPACE "USERS" ;
--------------------------------------------------------
--  DDL for Index ROUND_PK
--------------------------------------------------------

  CREATE UNIQUE INDEX "B00098368"."ROUND_PK" ON "B00098368"."ROUND" ("ROUND_NO", "MATCH_ID") 
  PCTFREE 10 INITRANS 2 MAXTRANS 255 COMPUTE STATISTICS 
  STORAGE(INITIAL 65536 NEXT 1048576 MINEXTENTS 1 MAXEXTENTS 2147483645
  PCTINCREASE 0 FREELISTS 1 FREELIST GROUPS 1
  BUFFER_POOL DEFAULT FLASH_CACHE DEFAULT CELL_FLASH_CACHE DEFAULT)
  TABLESPACE "USERS" ;
--------------------------------------------------------
--  DDL for Index SPONSOR_PK
--------------------------------------------------------

  CREATE UNIQUE INDEX "B00098368"."SPONSOR_PK" ON "B00098368"."SPONSOR" ("SPONSOR_ID") 
  PCTFREE 10 INITRANS 2 MAXTRANS 255 COMPUTE STATISTICS 
  STORAGE(INITIAL 65536 NEXT 1048576 MINEXTENTS 1 MAXEXTENTS 2147483645
  PCTINCREASE 0 FREELISTS 1 FREELIST GROUPS 1
  BUFFER_POOL DEFAULT FLASH_CACHE DEFAULT CELL_FLASH_CACHE DEFAULT)
  TABLESPACE "USERS" ;
--------------------------------------------------------
--  DDL for Index SPONSORSHIP_PK
--------------------------------------------------------

  CREATE UNIQUE INDEX "B00098368"."SPONSORSHIP_PK" ON "B00098368"."SPONSORSHIP" ("TOURNAMENT_ID", "TEAM_ID", "SPONSOR_ID") 
  PCTFREE 10 INITRANS 2 MAXTRANS 255 COMPUTE STATISTICS 
  STORAGE(INITIAL 65536 NEXT 1048576 MINEXTENTS 1 MAXEXTENTS 2147483645
  PCTINCREASE 0 FREELISTS 1 FREELIST GROUPS 1
  BUFFER_POOL DEFAULT FLASH_CACHE DEFAULT CELL_FLASH_CACHE DEFAULT)
  TABLESPACE "USERS" ;
--------------------------------------------------------
--  DDL for Index SPONSORSHIP_UNIQUE_TOURNAMENT
--------------------------------------------------------

  CREATE UNIQUE INDEX "B00098368"."SPONSORSHIP_UNIQUE_TOURNAMENT" ON "B00098368"."SPONSORSHIP" ("TOURNAMENT_ID", "SPONSOR_ID") 
  PCTFREE 10 INITRANS 2 MAXTRANS 255 COMPUTE STATISTICS 
  STORAGE(INITIAL 65536 NEXT 1048576 MINEXTENTS 1 MAXEXTENTS 2147483645
  PCTINCREASE 0 FREELISTS 1 FREELIST GROUPS 1
  BUFFER_POOL DEFAULT FLASH_CACHE DEFAULT CELL_FLASH_CACHE DEFAULT)
  TABLESPACE "USERS" ;
--------------------------------------------------------
--  DDL for Index SPONSOR_CONTACT_PK
--------------------------------------------------------

  CREATE UNIQUE INDEX "B00098368"."SPONSOR_CONTACT_PK" ON "B00098368"."SPONSOR_CONTACT" ("CONTACT_NO", "SPONSOR_ID") 
  PCTFREE 10 INITRANS 2 MAXTRANS 255 COMPUTE STATISTICS 
  STORAGE(INITIAL 65536 NEXT 1048576 MINEXTENTS 1 MAXEXTENTS 2147483645
  PCTINCREASE 0 FREELISTS 1 FREELIST GROUPS 1
  BUFFER_POOL DEFAULT FLASH_CACHE DEFAULT CELL_FLASH_CACHE DEFAULT)
  TABLESPACE "USERS" ;
--------------------------------------------------------
--  DDL for Index TEAM_PK
--------------------------------------------------------

  CREATE UNIQUE INDEX "B00098368"."TEAM_PK" ON "B00098368"."TEAM" ("TEAM_ID") 
  PCTFREE 10 INITRANS 2 MAXTRANS 255 COMPUTE STATISTICS 
  STORAGE(INITIAL 65536 NEXT 1048576 MINEXTENTS 1 MAXEXTENTS 2147483645
  PCTINCREASE 0 FREELISTS 1 FREELIST GROUPS 1
  BUFFER_POOL DEFAULT FLASH_CACHE DEFAULT CELL_FLASH_CACHE DEFAULT)
  TABLESPACE "USERS" ;
--------------------------------------------------------
--  DDL for Index TOURNAMENT_PK
--------------------------------------------------------

  CREATE UNIQUE INDEX "B00098368"."TOURNAMENT_PK" ON "B00098368"."TOURNAMENT" ("TOURNAMENT_ID") 
  PCTFREE 10 INITRANS 2 MAXTRANS 255 COMPUTE STATISTICS 
  STORAGE(INITIAL 65536 NEXT 1048576 MINEXTENTS 1 MAXEXTENTS 2147483645
  PCTINCREASE 0 FREELISTS 1 FREELIST GROUPS 1
  BUFFER_POOL DEFAULT FLASH_CACHE DEFAULT CELL_FLASH_CACHE DEFAULT)
  TABLESPACE "USERS" ;
--------------------------------------------------------
--  DDL for Index VENUE_PK
--------------------------------------------------------

  CREATE UNIQUE INDEX "B00098368"."VENUE_PK" ON "B00098368"."VENUE" ("VENUE_ID") 
  PCTFREE 10 INITRANS 2 MAXTRANS 255 COMPUTE STATISTICS 
  STORAGE(INITIAL 65536 NEXT 1048576 MINEXTENTS 1 MAXEXTENTS 2147483645
  PCTINCREASE 0 FREELISTS 1 FREELIST GROUPS 1
  BUFFER_POOL DEFAULT FLASH_CACHE DEFAULT CELL_FLASH_CACHE DEFAULT)
  TABLESPACE "USERS" ;
--------------------------------------------------------
--  Constraints for Table GAME
--------------------------------------------------------

  ALTER TABLE "B00098368"."GAME" ADD CONSTRAINT "GAME_PK" PRIMARY KEY ("GAME_ID")
  USING INDEX PCTFREE 10 INITRANS 2 MAXTRANS 255 COMPUTE STATISTICS 
  STORAGE(INITIAL 65536 NEXT 1048576 MINEXTENTS 1 MAXEXTENTS 2147483645
  PCTINCREASE 0 FREELISTS 1 FREELIST GROUPS 1
  BUFFER_POOL DEFAULT FLASH_CACHE DEFAULT CELL_FLASH_CACHE DEFAULT)
  TABLESPACE "USERS"  ENABLE;
  ALTER TABLE "B00098368"."GAME" MODIFY ("GAME_ID" NOT NULL ENABLE);
  ALTER TABLE "B00098368"."GAME" MODIFY ("GAME_NAME" NOT NULL ENABLE);
--------------------------------------------------------
--  Constraints for Table COACH
--------------------------------------------------------

  ALTER TABLE "B00098368"."COACH" ADD CONSTRAINT "COACH_PK" PRIMARY KEY ("COACH_ID")
  USING INDEX PCTFREE 10 INITRANS 2 MAXTRANS 255 COMPUTE STATISTICS 
  STORAGE(INITIAL 65536 NEXT 1048576 MINEXTENTS 1 MAXEXTENTS 2147483645
  PCTINCREASE 0 FREELISTS 1 FREELIST GROUPS 1
  BUFFER_POOL DEFAULT FLASH_CACHE DEFAULT CELL_FLASH_CACHE DEFAULT)
  TABLESPACE "USERS"  ENABLE;
  ALTER TABLE "B00098368"."COACH" ADD CONSTRAINT "COACH_SAL_CHK" CHECK (salary >= 0) ENABLE;
  ALTER TABLE "B00098368"."COACH" MODIFY ("COACH_ID" NOT NULL ENABLE);
  ALTER TABLE "B00098368"."COACH" MODIFY ("NAME" NOT NULL ENABLE);
  ALTER TABLE "B00098368"."COACH" MODIFY ("TEAM_ID" NOT NULL ENABLE);
--------------------------------------------------------
--  Constraints for Table CONTRACT
--------------------------------------------------------

  ALTER TABLE "B00098368"."CONTRACT" ADD CONSTRAINT "CONTRACT_PK" PRIMARY KEY ("PLAYER_ID", "TEAM_ID")
  USING INDEX PCTFREE 10 INITRANS 2 MAXTRANS 255 COMPUTE STATISTICS 
  STORAGE(INITIAL 65536 NEXT 1048576 MINEXTENTS 1 MAXEXTENTS 2147483645
  PCTINCREASE 0 FREELISTS 1 FREELIST GROUPS 1
  BUFFER_POOL DEFAULT FLASH_CACHE DEFAULT CELL_FLASH_CACHE DEFAULT)
  TABLESPACE "USERS"  ENABLE;
  ALTER TABLE "B00098368"."CONTRACT" MODIFY ("PLAYER_ID" NOT NULL ENABLE);
  ALTER TABLE "B00098368"."CONTRACT" MODIFY ("TEAM_ID" NOT NULL ENABLE);
--------------------------------------------------------
--  Constraints for Table LOGGEDUSERS
--------------------------------------------------------

  ALTER TABLE "B00098368"."LOGGEDUSERS" ADD PRIMARY KEY ("USERNAME")
  USING INDEX PCTFREE 10 INITRANS 2 MAXTRANS 255 COMPUTE STATISTICS 
  STORAGE(INITIAL 65536 NEXT 1048576 MINEXTENTS 1 MAXEXTENTS 2147483645
  PCTINCREASE 0 FREELISTS 1 FREELIST GROUPS 1
  BUFFER_POOL DEFAULT FLASH_CACHE DEFAULT CELL_FLASH_CACHE DEFAULT)
  TABLESPACE "USERS"  ENABLE;
--------------------------------------------------------
--  Constraints for Table MATCH
--------------------------------------------------------

  ALTER TABLE "B00098368"."MATCH" ADD CONSTRAINT "MATCH_PK" PRIMARY KEY ("MATCH_ID")
  USING INDEX PCTFREE 10 INITRANS 2 MAXTRANS 255 COMPUTE STATISTICS 
  STORAGE(INITIAL 65536 NEXT 1048576 MINEXTENTS 1 MAXEXTENTS 2147483645
  PCTINCREASE 0 FREELISTS 1 FREELIST GROUPS 1
  BUFFER_POOL DEFAULT FLASH_CACHE DEFAULT CELL_FLASH_CACHE DEFAULT)
  TABLESPACE "USERS"  ENABLE;
  ALTER TABLE "B00098368"."MATCH" MODIFY ("MATCH_ID" NOT NULL ENABLE);
  ALTER TABLE "B00098368"."MATCH" MODIFY ("TOURNAMENT_ID" NOT NULL ENABLE);
  ALTER TABLE "B00098368"."MATCH" MODIFY ("GAME_ID" NOT NULL ENABLE);
--------------------------------------------------------
--  Constraints for Table PERFORMS
--------------------------------------------------------

  ALTER TABLE "B00098368"."PERFORMS" ADD CONSTRAINT "PERFORMS_ASSISTS_CHK" CHECK (assists >= 0) ENABLE;
  ALTER TABLE "B00098368"."PERFORMS" ADD CONSTRAINT "PERFORMS_DEATHS_CHK" CHECK (deaths >= 0) ENABLE;
  ALTER TABLE "B00098368"."PERFORMS" ADD CONSTRAINT "PERFORMS_KILLS_CHK" CHECK (kills >= 0) ENABLE;
  ALTER TABLE "B00098368"."PERFORMS" ADD CONSTRAINT "PERFORMS_PK" PRIMARY KEY ("PLAYER_ID", "MATCH_ID")
  USING INDEX PCTFREE 10 INITRANS 2 MAXTRANS 255 COMPUTE STATISTICS 
  STORAGE(INITIAL 65536 NEXT 1048576 MINEXTENTS 1 MAXEXTENTS 2147483645
  PCTINCREASE 0 FREELISTS 1 FREELIST GROUPS 1
  BUFFER_POOL DEFAULT FLASH_CACHE DEFAULT CELL_FLASH_CACHE DEFAULT)
  TABLESPACE "USERS"  ENABLE;
  ALTER TABLE "B00098368"."PERFORMS" MODIFY ("PLAYER_ID" NOT NULL ENABLE);
  ALTER TABLE "B00098368"."PERFORMS" MODIFY ("MATCH_ID" NOT NULL ENABLE);
--------------------------------------------------------
--  Constraints for Table PLAYER
--------------------------------------------------------

  ALTER TABLE "B00098368"."PLAYER" ADD CONSTRAINT "PLAYER_PK" PRIMARY KEY ("PLAYER_ID")
  USING INDEX PCTFREE 10 INITRANS 2 MAXTRANS 255 COMPUTE STATISTICS 
  STORAGE(INITIAL 65536 NEXT 1048576 MINEXTENTS 1 MAXEXTENTS 2147483645
  PCTINCREASE 0 FREELISTS 1 FREELIST GROUPS 1
  BUFFER_POOL DEFAULT FLASH_CACHE DEFAULT CELL_FLASH_CACHE DEFAULT)
  TABLESPACE "USERS"  ENABLE;
  ALTER TABLE "B00098368"."PLAYER" ADD CONSTRAINT "PLAYER_SAL_CHK" CHECK (salary >= 0) ENABLE;
  ALTER TABLE "B00098368"."PLAYER" MODIFY ("PLAYER_ID" NOT NULL ENABLE);
  ALTER TABLE "B00098368"."PLAYER" MODIFY ("FIRST_NAME" NOT NULL ENABLE);
  ALTER TABLE "B00098368"."PLAYER" MODIFY ("NATIONALITY" NOT NULL ENABLE);
  ALTER TABLE "B00098368"."PLAYER" MODIFY ("BDATE" NOT NULL ENABLE);
--------------------------------------------------------
--  Constraints for Table PLAYER_LANGUAGES
--------------------------------------------------------

  ALTER TABLE "B00098368"."PLAYER_LANGUAGES" ADD CONSTRAINT "PLAYER_LANGUAGES_PK" PRIMARY KEY ("LANGUAGE", "PLAYER_ID")
  USING INDEX PCTFREE 10 INITRANS 2 MAXTRANS 255 COMPUTE STATISTICS 
  STORAGE(INITIAL 65536 NEXT 1048576 MINEXTENTS 1 MAXEXTENTS 2147483645
  PCTINCREASE 0 FREELISTS 1 FREELIST GROUPS 1
  BUFFER_POOL DEFAULT FLASH_CACHE DEFAULT CELL_FLASH_CACHE DEFAULT)
  TABLESPACE "USERS"  ENABLE;
  ALTER TABLE "B00098368"."PLAYER_LANGUAGES" MODIFY ("LANGUAGE" NOT NULL ENABLE);
  ALTER TABLE "B00098368"."PLAYER_LANGUAGES" MODIFY ("PLAYER_ID" NOT NULL ENABLE);
--------------------------------------------------------
--  Constraints for Table PLAYS_IN
--------------------------------------------------------

  ALTER TABLE "B00098368"."PLAYS_IN" ADD CONSTRAINT "PLAYS_IN_PK" PRIMARY KEY ("TEAM_ID", "MATCH_ID")
  USING INDEX PCTFREE 10 INITRANS 2 MAXTRANS 255 COMPUTE STATISTICS 
  STORAGE(INITIAL 65536 NEXT 1048576 MINEXTENTS 1 MAXEXTENTS 2147483645
  PCTINCREASE 0 FREELISTS 1 FREELIST GROUPS 1
  BUFFER_POOL DEFAULT FLASH_CACHE DEFAULT CELL_FLASH_CACHE DEFAULT)
  TABLESPACE "USERS"  ENABLE;
  ALTER TABLE "B00098368"."PLAYS_IN" MODIFY ("TEAM_ID" NOT NULL ENABLE);
  ALTER TABLE "B00098368"."PLAYS_IN" MODIFY ("MATCH_ID" NOT NULL ENABLE);
--------------------------------------------------------
--  Constraints for Table REGISTERS
--------------------------------------------------------

  ALTER TABLE "B00098368"."REGISTERS" ADD CONSTRAINT "REGISTERS_PK" PRIMARY KEY ("TEAM_ID", "TOURNAMENT_ID")
  USING INDEX PCTFREE 10 INITRANS 2 MAXTRANS 255 COMPUTE STATISTICS 
  STORAGE(INITIAL 65536 NEXT 1048576 MINEXTENTS 1 MAXEXTENTS 2147483645
  PCTINCREASE 0 FREELISTS 1 FREELIST GROUPS 1
  BUFFER_POOL DEFAULT FLASH_CACHE DEFAULT CELL_FLASH_CACHE DEFAULT)
  TABLESPACE "USERS"  ENABLE;
  ALTER TABLE "B00098368"."REGISTERS" MODIFY ("TEAM_ID" NOT NULL ENABLE);
  ALTER TABLE "B00098368"."REGISTERS" MODIFY ("TOURNAMENT_ID" NOT NULL ENABLE);
--------------------------------------------------------
--  Constraints for Table ROUND
--------------------------------------------------------

  ALTER TABLE "B00098368"."ROUND" ADD CONSTRAINT "ROUND_NO_CHK" CHECK (round_no > 0) ENABLE;
  ALTER TABLE "B00098368"."ROUND" ADD CONSTRAINT "ROUND_PK" PRIMARY KEY ("ROUND_NO", "MATCH_ID")
  USING INDEX PCTFREE 10 INITRANS 2 MAXTRANS 255 COMPUTE STATISTICS 
  STORAGE(INITIAL 65536 NEXT 1048576 MINEXTENTS 1 MAXEXTENTS 2147483645
  PCTINCREASE 0 FREELISTS 1 FREELIST GROUPS 1
  BUFFER_POOL DEFAULT FLASH_CACHE DEFAULT CELL_FLASH_CACHE DEFAULT)
  TABLESPACE "USERS"  ENABLE;
  ALTER TABLE "B00098368"."ROUND" ADD CONSTRAINT "ROUND_WINNER_CHK" CHECK (winner >= 0) ENABLE;
  ALTER TABLE "B00098368"."ROUND" MODIFY ("ROUND_NO" NOT NULL ENABLE);
  ALTER TABLE "B00098368"."ROUND" MODIFY ("MATCH_ID" NOT NULL ENABLE);
--------------------------------------------------------
--  Constraints for Table SPONSOR
--------------------------------------------------------

  ALTER TABLE "B00098368"."SPONSOR" ADD CONSTRAINT "SPONSOR_PK" PRIMARY KEY ("SPONSOR_ID")
  USING INDEX PCTFREE 10 INITRANS 2 MAXTRANS 255 COMPUTE STATISTICS 
  STORAGE(INITIAL 65536 NEXT 1048576 MINEXTENTS 1 MAXEXTENTS 2147483645
  PCTINCREASE 0 FREELISTS 1 FREELIST GROUPS 1
  BUFFER_POOL DEFAULT FLASH_CACHE DEFAULT CELL_FLASH_CACHE DEFAULT)
  TABLESPACE "USERS"  ENABLE;
  ALTER TABLE "B00098368"."SPONSOR" MODIFY ("SPONSOR_ID" NOT NULL ENABLE);
  ALTER TABLE "B00098368"."SPONSOR" MODIFY ("NAME" NOT NULL ENABLE);
--------------------------------------------------------
--  Constraints for Table SPONSORSHIP
--------------------------------------------------------

  ALTER TABLE "B00098368"."SPONSORSHIP" ADD CONSTRAINT "SPONSORSHIP_PK" PRIMARY KEY ("TOURNAMENT_ID", "TEAM_ID", "SPONSOR_ID")
  USING INDEX PCTFREE 10 INITRANS 2 MAXTRANS 255 COMPUTE STATISTICS 
  STORAGE(INITIAL 65536 NEXT 1048576 MINEXTENTS 1 MAXEXTENTS 2147483645
  PCTINCREASE 0 FREELISTS 1 FREELIST GROUPS 1
  BUFFER_POOL DEFAULT FLASH_CACHE DEFAULT CELL_FLASH_CACHE DEFAULT)
  TABLESPACE "USERS"  ENABLE;
  ALTER TABLE "B00098368"."SPONSORSHIP" ADD CONSTRAINT "SPONSORSHIP_UNIQUE_TOURNAMENT" UNIQUE ("TOURNAMENT_ID", "SPONSOR_ID")
  USING INDEX PCTFREE 10 INITRANS 2 MAXTRANS 255 COMPUTE STATISTICS 
  STORAGE(INITIAL 65536 NEXT 1048576 MINEXTENTS 1 MAXEXTENTS 2147483645
  PCTINCREASE 0 FREELISTS 1 FREELIST GROUPS 1
  BUFFER_POOL DEFAULT FLASH_CACHE DEFAULT CELL_FLASH_CACHE DEFAULT)
  TABLESPACE "USERS"  ENABLE;
  ALTER TABLE "B00098368"."SPONSORSHIP" MODIFY ("TOURNAMENT_ID" NOT NULL ENABLE);
  ALTER TABLE "B00098368"."SPONSORSHIP" MODIFY ("TEAM_ID" NOT NULL ENABLE);
  ALTER TABLE "B00098368"."SPONSORSHIP" MODIFY ("SPONSOR_ID" NOT NULL ENABLE);
--------------------------------------------------------
--  Constraints for Table SPONSOR_CONTACT
--------------------------------------------------------

  ALTER TABLE "B00098368"."SPONSOR_CONTACT" ADD CONSTRAINT "SPONSOR_CONTACT_PK" PRIMARY KEY ("CONTACT_NO", "SPONSOR_ID")
  USING INDEX PCTFREE 10 INITRANS 2 MAXTRANS 255 COMPUTE STATISTICS 
  STORAGE(INITIAL 65536 NEXT 1048576 MINEXTENTS 1 MAXEXTENTS 2147483645
  PCTINCREASE 0 FREELISTS 1 FREELIST GROUPS 1
  BUFFER_POOL DEFAULT FLASH_CACHE DEFAULT CELL_FLASH_CACHE DEFAULT)
  TABLESPACE "USERS"  ENABLE;
  ALTER TABLE "B00098368"."SPONSOR_CONTACT" MODIFY ("CONTACT_NO" NOT NULL ENABLE);
  ALTER TABLE "B00098368"."SPONSOR_CONTACT" MODIFY ("SPONSOR_ID" NOT NULL ENABLE);
--------------------------------------------------------
--  Constraints for Table TEAM
--------------------------------------------------------

  ALTER TABLE "B00098368"."TEAM" MODIFY ("TEAM_ID" NOT NULL ENABLE);
  ALTER TABLE "B00098368"."TEAM" MODIFY ("TEAM_NAME" NOT NULL ENABLE);
  ALTER TABLE "B00098368"."TEAM" ADD CONSTRAINT "TEAM_PK" PRIMARY KEY ("TEAM_ID")
  USING INDEX PCTFREE 10 INITRANS 2 MAXTRANS 255 COMPUTE STATISTICS 
  STORAGE(INITIAL 65536 NEXT 1048576 MINEXTENTS 1 MAXEXTENTS 2147483645
  PCTINCREASE 0 FREELISTS 1 FREELIST GROUPS 1
  BUFFER_POOL DEFAULT FLASH_CACHE DEFAULT CELL_FLASH_CACHE DEFAULT)
  TABLESPACE "USERS"  ENABLE;
--------------------------------------------------------
--  Constraints for Table TOURNAMENT
--------------------------------------------------------

  ALTER TABLE "B00098368"."TOURNAMENT" MODIFY ("TOURNAMENT_ID" NOT NULL ENABLE);
  ALTER TABLE "B00098368"."TOURNAMENT" MODIFY ("NAME" NOT NULL ENABLE);
  ALTER TABLE "B00098368"."TOURNAMENT" ADD CONSTRAINT "TOURNAMENT_DATE_CHK" CHECK (start_date <= end_date) ENABLE;
  ALTER TABLE "B00098368"."TOURNAMENT" ADD CONSTRAINT "TOURNAMENT_PK" PRIMARY KEY ("TOURNAMENT_ID")
  USING INDEX PCTFREE 10 INITRANS 2 MAXTRANS 255 COMPUTE STATISTICS 
  STORAGE(INITIAL 65536 NEXT 1048576 MINEXTENTS 1 MAXEXTENTS 2147483645
  PCTINCREASE 0 FREELISTS 1 FREELIST GROUPS 1
  BUFFER_POOL DEFAULT FLASH_CACHE DEFAULT CELL_FLASH_CACHE DEFAULT)
  TABLESPACE "USERS"  ENABLE;
  ALTER TABLE "B00098368"."TOURNAMENT" ADD CONSTRAINT "TOURNAMENT_PRIZE_CHK" CHECK (prize_pool >= 0) ENABLE;
--------------------------------------------------------
--  Constraints for Table VENUE
--------------------------------------------------------

  ALTER TABLE "B00098368"."VENUE" MODIFY ("VENUE_ID" NOT NULL ENABLE);
  ALTER TABLE "B00098368"."VENUE" MODIFY ("CITY" NOT NULL ENABLE);
  ALTER TABLE "B00098368"."VENUE" MODIFY ("COUNTRY" NOT NULL ENABLE);
  ALTER TABLE "B00098368"."VENUE" ADD CONSTRAINT "VENUE_PK" PRIMARY KEY ("VENUE_ID")
  USING INDEX PCTFREE 10 INITRANS 2 MAXTRANS 255 COMPUTE STATISTICS 
  STORAGE(INITIAL 65536 NEXT 1048576 MINEXTENTS 1 MAXEXTENTS 2147483645
  PCTINCREASE 0 FREELISTS 1 FREELIST GROUPS 1
  BUFFER_POOL DEFAULT FLASH_CACHE DEFAULT CELL_FLASH_CACHE DEFAULT)
  TABLESPACE "USERS"  ENABLE;
--------------------------------------------------------
--  Ref Constraints for Table COACH
--------------------------------------------------------

  ALTER TABLE "B00098368"."COACH" ADD CONSTRAINT "COACH_TEAM_FK" FOREIGN KEY ("TEAM_ID")
	  REFERENCES "B00098368"."TEAM" ("TEAM_ID") ENABLE;
--------------------------------------------------------
--  Ref Constraints for Table CONTRACT
--------------------------------------------------------

  ALTER TABLE "B00098368"."CONTRACT" ADD CONSTRAINT "CONTRACT_PLAYER_FK" FOREIGN KEY ("PLAYER_ID")
	  REFERENCES "B00098368"."PLAYER" ("PLAYER_ID") ON DELETE CASCADE ENABLE;
  ALTER TABLE "B00098368"."CONTRACT" ADD CONSTRAINT "CONTRACT_TEAM_FK" FOREIGN KEY ("TEAM_ID")
	  REFERENCES "B00098368"."TEAM" ("TEAM_ID") ON DELETE CASCADE ENABLE;
--------------------------------------------------------
--  Ref Constraints for Table MATCH
--------------------------------------------------------

  ALTER TABLE "B00098368"."MATCH" ADD CONSTRAINT "MATCH_GAME_FK" FOREIGN KEY ("GAME_ID")
	  REFERENCES "B00098368"."GAME" ("GAME_ID") ENABLE;
  ALTER TABLE "B00098368"."MATCH" ADD CONSTRAINT "MATCH_TOURNAMENT_FK" FOREIGN KEY ("TOURNAMENT_ID")
	  REFERENCES "B00098368"."TOURNAMENT" ("TOURNAMENT_ID") ENABLE;
--------------------------------------------------------
--  Ref Constraints for Table PERFORMS
--------------------------------------------------------

  ALTER TABLE "B00098368"."PERFORMS" ADD CONSTRAINT "PERFORMS_MATCH_FK" FOREIGN KEY ("MATCH_ID")
	  REFERENCES "B00098368"."MATCH" ("MATCH_ID") ON DELETE CASCADE ENABLE;
  ALTER TABLE "B00098368"."PERFORMS" ADD CONSTRAINT "PERFORMS_PLAYER_FK" FOREIGN KEY ("PLAYER_ID")
	  REFERENCES "B00098368"."PLAYER" ("PLAYER_ID") ON DELETE CASCADE ENABLE;
--------------------------------------------------------
--  Ref Constraints for Table PLAYER_LANGUAGES
--------------------------------------------------------

  ALTER TABLE "B00098368"."PLAYER_LANGUAGES" ADD CONSTRAINT "PLAYER_LANGUAGES_PLAYER_FK" FOREIGN KEY ("PLAYER_ID")
	  REFERENCES "B00098368"."PLAYER" ("PLAYER_ID") ON DELETE CASCADE ENABLE;
--------------------------------------------------------
--  Ref Constraints for Table PLAYS_IN
--------------------------------------------------------

  ALTER TABLE "B00098368"."PLAYS_IN" ADD CONSTRAINT "PLAYS_IN_MATCH_FK" FOREIGN KEY ("MATCH_ID")
	  REFERENCES "B00098368"."MATCH" ("MATCH_ID") ON DELETE CASCADE ENABLE;
  ALTER TABLE "B00098368"."PLAYS_IN" ADD CONSTRAINT "PLAYS_IN_TEAM_FK" FOREIGN KEY ("TEAM_ID")
	  REFERENCES "B00098368"."TEAM" ("TEAM_ID") ON DELETE CASCADE ENABLE;
--------------------------------------------------------
--  Ref Constraints for Table REGISTERS
--------------------------------------------------------

  ALTER TABLE "B00098368"."REGISTERS" ADD CONSTRAINT "REGISTERS_TEAM_FK" FOREIGN KEY ("TEAM_ID")
	  REFERENCES "B00098368"."TEAM" ("TEAM_ID") ON DELETE CASCADE ENABLE;
  ALTER TABLE "B00098368"."REGISTERS" ADD CONSTRAINT "REGISTERS_TOURNAMENT_FK" FOREIGN KEY ("TOURNAMENT_ID")
	  REFERENCES "B00098368"."TOURNAMENT" ("TOURNAMENT_ID") ON DELETE CASCADE ENABLE;
--------------------------------------------------------
--  Ref Constraints for Table ROUND
--------------------------------------------------------

  ALTER TABLE "B00098368"."ROUND" ADD CONSTRAINT "ROUND_MATCH_FK" FOREIGN KEY ("MATCH_ID")
	  REFERENCES "B00098368"."MATCH" ("MATCH_ID") ON DELETE CASCADE ENABLE;
  ALTER TABLE "B00098368"."ROUND" ADD CONSTRAINT "ROUND_WINNER_TEAM_FK" FOREIGN KEY ("WINNER")
	  REFERENCES "B00098368"."TEAM" ("TEAM_ID") ENABLE;
--------------------------------------------------------
--  Ref Constraints for Table SPONSORSHIP
--------------------------------------------------------

  ALTER TABLE "B00098368"."SPONSORSHIP" ADD CONSTRAINT "SPONSORSHIP_SPONSOR_FK" FOREIGN KEY ("SPONSOR_ID")
	  REFERENCES "B00098368"."SPONSOR" ("SPONSOR_ID") ON DELETE CASCADE ENABLE;
  ALTER TABLE "B00098368"."SPONSORSHIP" ADD CONSTRAINT "SPONSORSHIP_TEAM_FK" FOREIGN KEY ("TEAM_ID")
	  REFERENCES "B00098368"."TEAM" ("TEAM_ID") ON DELETE CASCADE ENABLE;
  ALTER TABLE "B00098368"."SPONSORSHIP" ADD CONSTRAINT "SPONSORSHIP_TOURNAMENT_FK" FOREIGN KEY ("TOURNAMENT_ID")
	  REFERENCES "B00098368"."TOURNAMENT" ("TOURNAMENT_ID") ON DELETE CASCADE ENABLE;
--------------------------------------------------------
--  Ref Constraints for Table SPONSOR_CONTACT
--------------------------------------------------------

  ALTER TABLE "B00098368"."SPONSOR_CONTACT" ADD CONSTRAINT "SPONSOR_CONTACT_SPONSOR_FK" FOREIGN KEY ("SPONSOR_ID")
	  REFERENCES "B00098368"."SPONSOR" ("SPONSOR_ID") ON DELETE CASCADE ENABLE;
--------------------------------------------------------
--  Ref Constraints for Table TOURNAMENT
--------------------------------------------------------

  ALTER TABLE "B00098368"."TOURNAMENT" ADD CONSTRAINT "TOURNAMENT_VENUE_FK" FOREIGN KEY ("VENUE_ID")
	  REFERENCES "B00098368"."VENUE" ("VENUE_ID") ENABLE;
